fips,name,pop_18
1001,"Autauga, AL",55601
1003,"Baldwin, AL",218022
1005,"Barbour, AL",24881
1007,"Bibb, AL",22400
1009,"Blount, AL",57840
1011,"Bullock, AL",10138
1013,"Butler, AL",19680
1015,"Calhoun, AL",114277
1017,"Chambers, AL",33615
1019,"Cherokee, AL",26032
1021,"Chilton, AL",44153
1023,"Choctaw, AL",12841
1025,"Clarke, AL",23920
1027,"Clay, AL",13275
1029,"Cleburne, AL",14987
1031,"Coffee, AL",51909
1033,"Colbert, AL",54762
1035,"Conecuh, AL",12277
1037,"Coosa, AL",10715
1039,"Covington, AL",36986
1041,"Crenshaw, AL",13824
1043,"Cullman, AL",83442
1045,"Dale, AL",48956
1047,"Dallas, AL",38310
1049,"DeKalb, AL",71385
1051,"Elmore, AL",81887
1053,"Escambia, AL",36748
1055,"Etowah, AL",102501
1057,"Fayette, AL",16433
1059,"Franklin, AL",31363
1061,"Geneva, AL",26314
1063,"Greene, AL",8233
1065,"Hale, AL",14726
1067,"Henry, AL",17209
1069,"Houston, AL",104722
1071,"Jackson, AL",51736
1073,"Jefferson, AL",659300
1075,"Lamar, AL",13844
1077,"Lauderdale, AL",92387
1079,"Lawrence, AL",32957
1081,"Lee, AL",163941
1083,"Limestone, AL",96174
1085,"Lowndes, AL",9974
1087,"Macon, AL",18439
1089,"Madison, AL",366519
1091,"Marengo, AL",19066
1093,"Marion, AL",29763
1095,"Marshall, AL",96109
1097,"Mobile, AL",413757
1099,"Monroe, AL",21067
1101,"Montgomery, AL",225763
1103,"Morgan, AL",119089
1105,"Perry, AL",9140
1107,"Pickens, AL",19938
1109,"Pike, AL",33338
1111,"Randolph, AL",22725
1113,"Russell, AL",57781
1115,"St. Clair, AL",88690
1117,"Shelby, AL",215707
1119,"Sumter, AL",12691
1121,"Talladega, AL",79828
1123,"Tallapoosa, AL",40497
1125,"Tuscaloosa, AL",208911
1127,"Walker, AL",63711
1129,"Washington, AL",16378
1131,"Wilcox, AL",10627
1133,"Winston, AL",23660
2010,"Aleutian Islands Census Area, AK*",
2013,"Aleutians East Borough, AK*",3515
2016,"Aleutians West Census Area, AK*",5723
2020,"Anchorage Municipality, AK",291538
2050,"Bethel Census Area, AK*",18216
2060,"Bristol Bay Borough, AK",877
2068,"Denali Borough, AK*",2059
2070,"Dillingham Census Area, AK*",5000
2090,"Fairbanks North Star Borough, AK",98971
2100,"Haines Borough, AK",2474
2105,"Hoonah-Angoon Census Area, AK*",2151
2110,"Juneau City and Borough, AK",32113
2122,"Kenai Peninsula Borough, AK",58533
2130,"Ketchikan Gateway Borough, AK*",13918
2150,"Kodiak Island Borough, AK",13345
2158,"Kusilvak Census Area, AK*",8303
2164,"Lake and Peninsula Borough, AK*",1587
2170,"Matanuska-Susitna Borough, AK",107610
2180,"Nome Census Area, AK*",10008
2185,"North Slope Borough, AK",9872
2188,"Northwest Arctic Borough, AK",7671
2195,"Petersburg Borough, AK*",3221
2198,"Prince of Wales-Hyder Census Area, AK*",6422
2201,"Prince of Wales-Outer Ketchikan Census Area, AK*",
2220,"Sitka City and Borough, AK",8647
2230,"Skagway Municipality, AK*",1148
2231,"Skagway-Yakutat-Angoon Census Area, AK*",
2232,"Skagway-Hoonah-Angoon Census Area, AK*",
2240,"Southeast Fairbanks Census Area, AK*",6918
2261,"Valdez-Cordova Census Area, AK*",9164
2275,"Wrangell City and Borough, AK*",2503
2280,"Wrangell-Petersburg Census Area, AK*",
2282,"Yakutat City and Borough, AK*",604
2290,"Yukon-Koyukuk Census Area, AK*",5327
2901,"Aleutian Islands Division, AK*",
2903,"Angoon Division, AK*",
2904,"Barrow-North Slope Division, AK*",
2905,"Bethel Division, AK*",
2907,"Bristol Bay Division, AK*",
2908,"Cordova-McCarthy Division, AK*",
2910,"Haines Division, AK*",
2912,"Kenai-Cook Inlet Division, AK*",
2916,"Kuskokwim Division, AK*",
2919,"Outer Ketchikan Division, AK*",
2920,"Prince of Wales Division, AK*",
2921,"Seward Division, AK*",
2922,"Sitka Division, AK*",
2923,"Skagway-Yakutat Division, AK*",
2924,"Southeast Fairbanks Division, AK*",
2925,"Upper Yukon Division, AK*",
2926,"Valdez-Chitina-Whittier Division, AK*",
2928,"Wrangell-Petersburg Division, AK*",
2929,"Yukon-Koyukuk Division, AK*",
4001,"Apache, AZ",71818
4003,"Cochise, AZ",126770
4005,"Coconino, AZ",142854
4007,"Gila, AZ",53889
4009,"Graham, AZ",38072
4011,"Greenlee, AZ",9483
4012,"La Paz, AZ*",21098
4013,"Maricopa, AZ",4410824
4015,"Mohave, AZ",209550
4017,"Navajo, AZ",110445
4019,"Pima, AZ",1039073
4021,"Pinal, AZ",447138
4023,"Santa Cruz, AZ",46511
4025,"Yavapai, AZ",231993
4027,"Yuma, AZ*",212128
5001,"Arkansas, AR",17769
5003,"Ashley, AR",20046
5005,"Baxter, AR",41619
5007,"Benton, AR",272608
5009,"Boone, AR",37480
5011,"Bradley, AR",10897
5013,"Calhoun, AR",5277
5015,"Carroll, AR",28223
5017,"Chicot, AR",10438
5019,"Clark, AR",22061
5021,"Clay, AR",14847
5023,"Cleburne, AR",24965
5025,"Cleveland, AR",8018
5027,"Columbia, AR",23537
5029,"Conway, AR",20891
5031,"Craighead, AR",108558
5033,"Crawford, AR",63406
5035,"Crittenden, AR",48342
5037,"Cross, AR",16676
5039,"Dallas, AR",7182
5041,"Desha, AR",11512
5043,"Drew, AR",18328
5045,"Faulkner, AR",124806
5047,"Franklin, AR",17810
5049,"Fulton, AR",12269
5051,"Garland, AR",99154
5053,"Grant, AR",18188
5055,"Greene, AR",45325
5057,"Hempstead, AR",21741
5059,"Hot Spring, AR",33701
5061,"Howard, AR",13341
5063,"Independence, AR",37678
5065,"Izard, AR",13593
5067,"Jackson, AR",16811
5069,"Jefferson, AR",68114
5071,"Johnson, AR",26742
5073,"Lafayette, AR",6682
5075,"Lawrence, AR",16434
5077,"Lee, AR",8985
5079,"Lincoln, AR",13383
5081,"Little River, AR",12326
5083,"Logan, AR",21737
5085,"Lonoke, AR",73657
5087,"Madison, AR",16481
5089,"Marion, AR",16722
5091,"Miller, AR",43592
5093,"Mississippi, AR",41239
5095,"Monroe, AR",6900
5097,"Montgomery, AR",8924
5099,"Nevada, AR",8326
5101,"Newton, AR",7805
5103,"Ouachita, AR",23606
5105,"Perry, AR",10352
5107,"Phillips, AR",18029
5109,"Pike, AR",10673
5111,"Poinsett, AR",23974
5113,"Polk, AR",20049
5115,"Pope, AR",64000
5117,"Prairie, AR",8074
5119,"Pulaski, AR",392680
5121,"Randolph, AR",17948
5123,"St. Francis, AR",25439
5125,"Saline, AR",121421
5127,"Scott, AR",10319
5129,"Searcy, AR",7958
5131,"Sebastian, AR",127753
5133,"Sevier, AR",17139
5135,"Sharp, AR",17366
5137,"Stone, AR",12457
5139,"Union, AR",39126
5141,"Van Buren, AR",16603
5143,"Washington, AR",236961
5145,"White, AR",78727
5147,"Woodruff, AR",6490
5149,"Yell, AR",21535
6001,"Alameda, CA",1666753
6003,"Alpine, CA",1101
6005,"Amador, CA",39383
6007,"Butte, CA",231256
6009,"Calaveras, CA",45602
6011,"Colusa, CA",21627
6013,"Contra Costa, CA",1150215
6015,"Del Norte, CA",27828
6017,"El Dorado, CA",190678
6019,"Fresno, CA",994400
6021,"Glenn, CA",28047
6023,"Humboldt, CA",136373
6025,"Imperial, CA",181827
6027,"Inyo, CA",17987
6029,"Kern, CA",896764
6031,"Kings, CA",151366
6033,"Lake, CA",64382
6035,"Lassen, CA",30802
6037,"Los Angeles, CA",10105518
6039,"Madera, CA",157672
6041,"Marin, CA",259666
6043,"Mariposa, CA",17471
6045,"Mendocino, CA",87606
6047,"Merced, CA",274765
6049,"Modoc, CA",8777
6051,"Mono, CA",14250
6053,"Monterey, CA",435594
6055,"Napa, CA",139417
6057,"Nevada, CA",99696
6059,"Orange, CA",3185968
6061,"Placer, CA",393149
6063,"Plumas, CA",18804
6065,"Riverside, CA",2450758
6067,"Sacramento, CA",1540975
6069,"San Benito, CA",61537
6071,"San Bernardino, CA",2171603
6073,"San Diego, CA",3343364
6075,"San Francisco, CA",883305
6077,"San Joaquin, CA",752660
6079,"San Luis Obispo, CA",284010
6081,"San Mateo, CA",769545
6083,"Santa Barbara, CA",446527
6085,"Santa Clara, CA",1937570
6087,"Santa Cruz, CA",274255
6089,"Shasta, CA",180040
6091,"Sierra, CA",2987
6093,"Siskiyou, CA",43724
6095,"Solano, CA",446610
6097,"Sonoma, CA",499942
6099,"Stanislaus, CA",549815
6101,"Sutter, CA",96807
6103,"Tehama, CA",63916
6105,"Trinity, CA",12535
6107,"Tulare, CA",465861
6109,"Tuolumne, CA",54539
6111,"Ventura, CA",850967
6113,"Yolo, CA",220408
6115,"Yuba, CA",78041
8001,"Adams, CO*",511868
8003,"Alamosa, CO",16683
8005,"Arapahoe, CO",651215
8007,"Archuleta, CO",13765
8009,"Baca, CO",3585
8011,"Bent, CO",5882
8013,"Boulder, CO*",326078
8014,"Broomfield, CO*",69267
8015,"Chaffee, CO",20027
8017,"Cheyenne, CO",1876
8019,"Clear Creek, CO",9605
8021,"Conejos, CO",8200
8023,"Costilla, CO",3828
8025,"Crowley, CO",5858
8027,"Custer, CO",4954
8029,"Delta, CO",30953
8031,"Denver, CO",716492
8033,"Dolores, CO",2074
8035,"Douglas, CO",342776
8037,"Eagle, CO",54993
8039,"Elbert, CO",26282
8041,"El Paso, CO",713856
8043,"Fremont, CO",48021
8045,"Garfield, CO",59770
8047,"Gilpin, CO",6121
8049,"Grand, CO",15525
8051,"Gunnison, CO",17246
8053,"Hinsdale, CO",811
8055,"Huerfano, CO",6889
8057,"Jackson, CO",1399
8059,"Jefferson, CO*",580233
8061,"Kiowa, CO",1383
8063,"Kit Carson, CO",7163
8065,"Lake, CO",7824
8067,"La Plata, CO",56310
8069,"Larimer, CO",350518
8071,"Las Animas, CO",14503
8073,"Lincoln, CO",5610
8075,"Logan, CO",21528
8077,"Mesa, CO",153207
8079,"Mineral, CO",776
8081,"Moffat, CO",13188
8083,"Montezuma, CO",26158
8085,"Montrose, CO",42214
8087,"Morgan, CO",28558
8089,"Otero, CO",18432
8091,"Ouray, CO",4833
8093,"Park, CO",18556
8095,"Phillips, CO",4286
8097,"Pitkin, CO",17950
8099,"Prowers, CO",12164
8101,"Pueblo, CO",167529
8103,"Rio Blanco, CO",6336
8105,"Rio Grande, CO",11250
8107,"Routt, CO",25733
8109,"Saguache, CO",6843
8111,"San Juan, CO",762
8113,"San Miguel, CO",8191
8115,"Sedgwick, CO",2303
8117,"Summit, CO",31007
8119,"Teller, CO",25083
8121,"Washington, CO",4909
8123,"Weld, CO*",314305
8125,"Yuma, CO",10020
9001,"Fairfield, CT",943823
9003,"Hartford, CT",892697
9005,"Litchfield, CT",181111
9007,"Middlesex, CT",162682
9009,"New Haven, CT",857620
9011,"New London, CT",266784
9013,"Tolland, CT",150921
9015,"Windham, CT",117027
10001,"Kent, DE",178550
10003,"New Castle, DE",559335
10005,"Sussex, DE",229286
11001,"District of Columbia, DC",702455
12001,"Alachua, FL",269956
12003,"Baker, FL",28355
12005,"Bay, FL",185287
12007,"Bradford, FL",27732
12009,"Brevard, FL",596849
12011,"Broward, FL",1951260
12013,"Calhoun, FL",14587
12015,"Charlotte, FL",184998
12017,"Citrus, FL",147929
12019,"Clay, FL",216072
12021,"Collier, FL",378488
12023,"Columbia, FL",70503
12027,"DeSoto, FL",37489
12029,"Dixie, FL",16700
12031,"Duval, FL",950181
12033,"Escambia, FL",315534
12035,"Flagler, FL",112067
12037,"Franklin, FL",11736
12039,"Gadsden, FL",45894
12041,"Gilchrist, FL",18256
12043,"Glades, FL",13724
12045,"Gulf, FL",16164
12047,"Hamilton, FL",14310
12049,"Hardee, FL",27245
12051,"Hendry, FL",41556
12053,"Hernando, FL",190865
12055,"Highlands, FL",105424
12057,"Hillsborough, FL",1436888
12059,"Holmes, FL",19477
12061,"Indian River, FL",157413
12063,"Jackson, FL",48305
12065,"Jefferson, FL",14288
12067,"Lafayette, FL",8732
12069,"Lake, FL",356495
12071,"Lee, FL",754610
12073,"Leon, FL",292502
12075,"Levy, FL",40770
12077,"Liberty, FL",8457
12079,"Madison, FL",18529
12081,"Manatee, FL",394855
12083,"Marion, FL",359977
12085,"Martin, FL",160912
12086,"Miami-Dade, FL",2761581
12087,"Monroe, FL",75027
12089,"Nassau, FL",85832
12091,"Okaloosa, FL",207269
12093,"Okeechobee, FL",41537
12095,"Orange, FL",1380645
12097,"Osceola, FL",367990
12099,"Palm Beach, FL",1485941
12101,"Pasco, FL",539630
12103,"Pinellas, FL",975280
12105,"Polk, FL",708009
12107,"Putnam, FL",74163
12109,"St. Johns, FL",254261
12111,"St. Lucie, FL",321128
12113,"Santa Rosa, FL",179349
12115,"Sarasota, FL",426718
12117,"Seminole, FL",467832
12119,"Sumter, FL",128754
12121,"Suwannee, FL",44191
12123,"Taylor, FL",21623
12125,"Union, FL",14940
12127,"Volusia, FL",547538
12129,"Wakulla, FL",32461
12131,"Walton, FL",71375
12133,"Washington, FL",24880
13001,"Appling, GA",18507
13003,"Atkinson, GA",8297
13005,"Bacon, GA",11185
13007,"Baker, GA",3092
13009,"Baldwin, GA",44823
13011,"Banks, GA",18988
13013,"Barrow, GA",80809
13015,"Bartow, GA",106408
13017,"Ben Hill, GA",16787
13019,"Berrien, GA",19252
13021,"Bibb, GA",153095
13023,"Bleckley, GA",12838
13025,"Brantley, GA",18897
13027,"Brooks, GA",15513
13029,"Bryan, GA",38109
13031,"Bulloch, GA",77296
13033,"Burke, GA",22423
13035,"Butts, GA",24193
13037,"Calhoun, GA",6352
13039,"Camden, GA",53677
13043,"Candler, GA",10836
13045,"Carroll, GA",118121
13047,"Catoosa, GA",67420
13049,"Charlton, GA",12968
13051,"Chatham, GA",289195
13053,"Chattahoochee, GA",10684
13055,"Chattooga, GA",24790
13057,"Cherokee, GA",254149
13059,"Clarke, GA",127330
13061,"Clay, GA",2887
13063,"Clayton, GA",289615
13065,"Clinch, GA",6648
13067,"Cobb, GA",756865
13069,"Coffee, GA",43093
13071,"Colquitt, GA",45592
13073,"Columbia, GA",154291
13075,"Cook, GA",17162
13077,"Coweta, GA",145864
13079,"Crawford, GA",12318
13081,"Crisp, GA",22601
13083,"Dade, GA",16226
13085,"Dawson, GA",25083
13087,"Decatur, GA",26575
13089,"DeKalb, GA",756558
13091,"Dodge, GA",20705
13093,"Dooly, GA",13706
13095,"Dougherty, GA",91243
13097,"Douglas, GA",145331
13099,"Early, GA",10247
13101,"Echols, GA",4000
13103,"Effingham, GA",62190
13105,"Elbert, GA",19120
13107,"Emanuel, GA",22612
13109,"Evans, GA",10721
13111,"Fannin, GA",25964
13113,"Fayette, GA",113459
13115,"Floyd, GA",97927
13117,"Forsyth, GA",236612
13119,"Franklin, GA",23023
13121,"Fulton, GA",1050114
13123,"Gilmer, GA",30816
13125,"Glascock, GA",2995
13127,"Glynn, GA",85219
13129,"Gordon, GA",57685
13131,"Grady, GA",24748
13133,"Greene, GA",17698
13135,"Gwinnett, GA",927781
13137,"Habersham, GA",45388
13139,"Hall, GA",202148
13141,"Hancock, GA",8348
13143,"Haralson, GA",29533
13145,"Harris, GA",34475
13147,"Hart, GA",26099
13149,"Heard, GA",11879
13151,"Henry, GA",230220
13153,"Houston, GA",155469
13155,"Irwin, GA",9398
13157,"Jackson, GA",70422
13159,"Jasper, GA",14040
13161,"Jeff Davis, GA",15029
13163,"Jefferson, GA",15430
13165,"Jenkins, GA",8683
13167,"Johnson, GA",9708
13169,"Jones, GA",28616
13171,"Lamar, GA",19000
13173,"Lanier, GA",10340
13175,"Laurens, GA",47325
13177,"Lee, GA",29764
13179,"Liberty, GA",61497
13181,"Lincoln, GA",7915
13183,"Long, GA",18998
13185,"Lowndes, GA",116321
13187,"Lumpkin, GA",32955
13189,"McDuffie, GA",21531
13191,"McIntosh, GA",14340
13193,"Macon, GA",13143
13195,"Madison, GA",29650
13197,"Marion, GA",8351
13199,"Meriwether, GA",21068
13201,"Miller, GA",5686
13205,"Mitchell, GA",22192
13207,"Monroe, GA",27520
13209,"Montgomery, GA",9193
13211,"Morgan, GA",18853
13213,"Murray, GA",39921
13215,"Muscogee, GA",194160
13217,"Newton, GA",109541
13219,"Oconee, GA",39272
13221,"Oglethorpe, GA",15054
13223,"Paulding, GA",164044
13225,"Peach, GA",27297
13227,"Pickens, GA",31980
13229,"Pierce, GA",19389
13231,"Pike, GA",18634
13233,"Polk, GA",42470
13235,"Pulaski, GA",11069
13237,"Putnam, GA",21809
13239,"Quitman, GA",2279
13241,"Rabun, GA",16867
13243,"Randolph, GA",6833
13245,"Richmond, GA",201554
13247,"Rockdale, GA",90594
13249,"Schley, GA",5236
13251,"Screven, GA",13938
13253,"Seminole, GA",8315
13255,"Spalding, GA",66100
13257,"Stephens, GA",26035
13259,"Stewart, GA",6199
13261,"Sumter, GA",29733
13263,"Talbot, GA",6272
13265,"Taliaferro, GA",1608
13267,"Tattnall, GA",25391
13269,"Taylor, GA",8039
13271,"Telfair, GA",15876
13273,"Terrell, GA",8611
13275,"Thomas, GA",44448
13277,"Tift, GA",40571
13279,"Toombs, GA",26887
13281,"Towns, GA",11852
13283,"Treutlen, GA",6809
13285,"Troup, GA",70034
13287,"Turner, GA",7912
13289,"Twiggs, GA",8188
13291,"Union, GA",24001
13293,"Upson, GA",26215
13295,"Walker, GA",69410
13297,"Walton, GA",93503
13299,"Ware, GA",35680
13301,"Warren, GA",5251
13303,"Washington, GA",20386
13305,"Wayne, GA",29808
13307,"Webster, GA",2611
13309,"Wheeler, GA",7879
13311,"White, GA",29970
13313,"Whitfield, GA",104062
13315,"Wilcox, GA",8812
13317,"Wilkes, GA",9876
13319,"Wilkinson, GA",9036
13321,"Worth, GA",20299
15001,"Hawaii, HI",200983
15003,"Honolulu, HI",980080
15007,"Kauai, HI",72133
15901,"Maui + Kalawao, HI*",167295
16001,"Ada, ID",469966
16003,"Adams, ID",4250
16005,"Bannock, ID",87138
16007,"Bear Lake, ID",6050
16009,"Benewah, ID",9226
16011,"Bingham, ID",46236
16013,"Blaine, ID",22601
16015,"Boise, ID",7634
16017,"Bonner, ID",44727
16019,"Bonneville, ID",116854
16021,"Boundary, ID",11948
16023,"Butte, ID",2611
16025,"Camas, ID",1127
16027,"Canyon, ID",223499
16029,"Caribou, ID",7060
16031,"Cassia, ID",23864
16033,"Clark, ID",852
16035,"Clearwater, ID",8758
16037,"Custer, ID",4280
16039,"Elmore, ID",27259
16041,"Franklin, ID",13726
16043,"Fremont (includes Yellowstone Park), ID",13168
16045,"Gem, ID",17634
16047,"Gooding, ID",15196
16049,"Idaho, ID",16513
16051,"Jefferson, ID",29439
16053,"Jerome, ID",24015
16055,"Kootenai, ID",161505
16057,"Latah, ID",40134
16059,"Lemhi, ID",7961
16061,"Lewis, ID",3861
16063,"Lincoln, ID",5360
16065,"Madison, ID",39304
16067,"Minidoka, ID",20825
16069,"Nez Perce, ID",40408
16071,"Oneida, ID",4488
16073,"Owyhee, ID",11693
16075,"Payette, ID",23551
16077,"Power, ID",7768
16079,"Shoshone, ID",12796
16081,"Teton, ID",11640
16083,"Twin Falls, ID",86081
16085,"Valley, ID",11041
16087,"Washington, ID",10161
17001,"Adams, IL",65691
17003,"Alexander, IL",6060
17005,"Bond, IL",16630
17007,"Boone, IL",53577
17009,"Brown, IL",6556
17011,"Bureau, IL",32993
17013,"Calhoun, IL",4802
17015,"Carroll, IL",14312
17017,"Cass, IL",12260
17019,"Champaign, IL",209983
17021,"Christian, IL",32661
17023,"Clark, IL",15596
17025,"Clay, IL",13253
17027,"Clinton, IL",37639
17029,"Coles, IL",50885
17031,"Cook, IL",5180493
17033,"Crawford, IL",18807
17035,"Cumberland, IL",10808
17037,"DeKalb, IL",104143
17039,"De Witt, IL",15769
17041,"Douglas, IL",19479
17043,"DuPage, IL",928589
17045,"Edgar, IL",17360
17047,"Edwards, IL",6392
17049,"Effingham, IL",34208
17051,"Fayette, IL",21416
17053,"Ford, IL",13264
17055,"Franklin, IL",38701
17057,"Fulton, IL",34844
17059,"Gallatin, IL",5058
17061,"Greene, IL",13044
17063,"Grundy, IL",50972
17065,"Hamilton, IL",8163
17067,"Hancock, IL",17844
17069,"Hardin, IL",3910
17071,"Henderson, IL",6709
17073,"Henry, IL",49090
17075,"Iroquois, IL",27604
17077,"Jackson, IL",57419
17079,"Jasper, IL",9611
17081,"Jefferson, IL",37820
17083,"Jersey, IL",21847
17085,"Jo Daviess, IL",21366
17087,"Johnson, IL",12456
17089,"Kane, IL",534216
17091,"Kankakee, IL",110024
17093,"Kendall, IL",127915
17095,"Knox, IL",50112
17097,"Lake, IL",700832
17099,"LaSalle, IL",109430
17101,"Lawrence, IL",15765
17103,"Lee, IL",34223
17105,"Livingston, IL",35761
17107,"Logan, IL",28925
17109,"McDonough, IL",29955
17111,"McHenry, IL",308570
17113,"McLean, IL",172828
17115,"Macon, IL",104712
17117,"Macoupin, IL",45313
17119,"Madison, IL",264461
17121,"Marion, IL",37620
17123,"Marshall, IL",11534
17125,"Mason, IL",13565
17127,"Massac, IL",14080
17129,"Menard, IL",12288
17131,"Mercer, IL",15601
17133,"Monroe, IL",34335
17135,"Montgomery, IL",28601
17137,"Morgan, IL",33976
17139,"Moultrie, IL",14717
17141,"Ogle, IL",50923
17143,"Peoria, IL",180621
17145,"Perry, IL",21174
17147,"Piatt, IL",16396
17149,"Pike, IL",15611
17151,"Pope, IL",4212
17153,"Pulaski, IL",5463
17155,"Putnam, IL",5740
17157,"Randolph, IL",32106
17159,"Richland, IL",15763
17161,"Rock Island, IL",143477
17163,"St. Clair, IL",261059
17165,"Saline, IL",23906
17167,"Sangamon, IL",195348
17169,"Schuyler, IL",6907
17171,"Scott, IL",4926
17173,"Shelby, IL",21741
17175,"Stark, IL",5427
17177,"Stephenson, IL",44753
17179,"Tazewell, IL",132328
17181,"Union, IL",16841
17183,"Vermilion, IL",76806
17185,"Wabash, IL",11549
17187,"Warren, IL",17032
17189,"Washington, IL",13995
17191,"Wayne, IL",16332
17193,"White, IL",13665
17195,"Whiteside, IL",55626
17197,"Will, IL",692310
17199,"Williamson, IL",67056
17201,"Winnebago, IL",284081
17203,"Woodford, IL",38463
18001,"Adams, IN",35636
18003,"Allen, IN",375351
18005,"Bartholomew, IN",82753
18007,"Benton, IN",8653
18009,"Blackford, IN",11930
18011,"Boone, IN",66999
18013,"Brown, IN",15234
18015,"Carroll, IN",20127
18017,"Cass, IN",37955
18019,"Clark, IN",117360
18021,"Clay, IN",26170
18023,"Clinton, IN",32250
18025,"Crawford, IN",10558
18027,"Daviess, IN",33147
18029,"Dearborn, IN",49568
18031,"Decatur, IN",26794
18033,"DeKalb, IN",43226
18035,"Delaware, IN",114772
18037,"Dubois, IN",42565
18039,"Elkhart, IN",205560
18041,"Fayette, IN",23047
18043,"Floyd, IN",77781
18045,"Fountain, IN",16351
18047,"Franklin, IN",22736
18049,"Fulton, IN",20092
18051,"Gibson, IN",33452
18053,"Grant, IN",65936
18055,"Greene, IN",32006
18057,"Hamilton, IN",330086
18059,"Hancock, IN",76351
18061,"Harrison, IN",40350
18063,"Hendricks, IN",167009
18065,"Henry, IN",48271
18067,"Howard, IN",82366
18069,"Huntington, IN",36240
18071,"Jackson, IN",44111
18073,"Jasper, IN",33370
18075,"Jay, IN",20764
18077,"Jefferson, IN",32208
18079,"Jennings, IN",27611
18081,"Johnson, IN",156225
18083,"Knox, IN",36895
18085,"Kosciusko, IN",79344
18087,"Lagrange, IN",39330
18089,"Lake, IN",484411
18091,"LaPorte, IN",110007
18093,"Lawrence, IN",45668
18095,"Madison, IN",129641
18097,"Marion, IN",954670
18099,"Marshall, IN",46248
18101,"Martin, IN",10217
18103,"Miami, IN",35567
18105,"Monroe, IN",146917
18107,"Montgomery, IN",38346
18109,"Morgan, IN",70116
18111,"Newton, IN",14011
18113,"Noble, IN",47532
18115,"Ohio, IN",5844
18117,"Orange, IN",19489
18119,"Owen, IN",20845
18121,"Parke, IN",16927
18123,"Perry, IN",19102
18125,"Pike, IN",12410
18127,"Porter, IN",169594
18129,"Posey, IN",25540
18131,"Pulaski, IN",12469
18133,"Putnam, IN",37779
18135,"Randolph, IN",24851
18137,"Ripley, IN",28523
18139,"Rush, IN",16663
18141,"St. Joseph, IN",270771
18143,"Scott, IN",23878
18145,"Shelby, IN",44593
18147,"Spencer, IN",20327
18149,"Starke, IN",22935
18151,"Steuben, IN",34586
18153,"Sullivan, IN",20690
18155,"Switzerland, IN",10717
18157,"Tippecanoe, IN",193048
18159,"Tipton, IN",15128
18161,"Union, IN",7037
18163,"Vanderburgh, IN",180974
18165,"Vermillion, IN",15479
18167,"Vigo, IN",107386
18169,"Wabash, IN",31280
18171,"Warren, IN",8263
18173,"Warrick, IN",62567
18175,"Washington, IN",27943
18177,"Wayne, IN",65936
18179,"Wells, IN",28206
18181,"White, IN",24133
18183,"Whitley, IN",34074
19001,"Adair, IA",7063
19003,"Adams, IA",3645
19005,"Allamakee, IA",13832
19007,"Appanoose, IA",12437
19009,"Audubon, IA",5506
19011,"Benton, IA",25642
19013,"Black Hawk, IA",132408
19015,"Boone, IA",26346
19017,"Bremer, IA",24947
19019,"Buchanan, IA",21199
19021,"Buena Vista, IA",19874
19023,"Butler, IA",14539
19025,"Calhoun, IA",9699
19027,"Carroll, IA",20154
19029,"Cass, IA",12930
19031,"Cedar, IA",18627
19033,"Cerro Gordo, IA",42647
19035,"Cherokee, IA",11321
19037,"Chickasaw, IA",11964
19039,"Clarke, IA",9423
19041,"Clay, IA",16134
19043,"Clayton, IA",17556
19045,"Clinton, IA",46518
19047,"Crawford, IA",17158
19049,"Dallas, IA",90180
19051,"Davis, IA",9017
19053,"Decatur, IA",7890
19055,"Delaware, IA",17069
19057,"Des Moines, IA",39138
19059,"Dickinson, IA",17153
19061,"Dubuque, IA",96854
19063,"Emmet, IA",9253
19065,"Fayette, IA",19660
19067,"Floyd, IA",15761
19069,"Franklin, IA",10124
19071,"Fremont, IA",6993
19073,"Greene, IA",8981
19075,"Grundy, IA",12304
19077,"Guthrie, IA",10720
19079,"Hamilton, IA",14952
19081,"Hancock, IA",10712
19083,"Hardin, IA",16868
19085,"Harrison, IA",14134
19087,"Henry, IA",20067
19089,"Howard, IA",9187
19091,"Humboldt, IA",9547
19093,"Ida, IA",6841
19095,"Iowa, IA",16141
19097,"Jackson, IA",19432
19099,"Jasper, IA",37147
19101,"Jefferson, IA",18381
19103,"Johnson, IA",151260
19105,"Jones, IA",20744
19107,"Keokuk, IA",10225
19109,"Kossuth, IA",14908
19111,"Lee, IA",34055
19113,"Linn, IA",225909
19115,"Louisa, IA",11169
19117,"Lucas, IA",8645
19119,"Lyon, IA",11811
19121,"Madison, IA",16249
19123,"Mahaska, IA",22000
19125,"Marion, IA",33407
19127,"Marshall, IA",39981
19129,"Mills, IA",15063
19131,"Mitchell, IA",10569
19133,"Monona, IA",8679
19135,"Monroe, IA",7790
19137,"Montgomery, IA",10003
19139,"Muscatine, IA",42929
19141,"O'Brien, IA",13840
19143,"Osceola, IA",6040
19145,"Page, IA",15249
19147,"Palo Alto, IA",8929
19149,"Plymouth, IA",25095
19151,"Pocahontas, IA",6740
19153,"Polk, IA",487204
19155,"Pottawattamie, IA",93533
19157,"Poweshiek, IA",18699
19159,"Ringgold, IA",4968
19161,"Sac, IA",9719
19163,"Scott, IA",173283
19165,"Shelby, IA",11578
19167,"Sioux, IA",34909
19169,"Story, IA",98105
19171,"Tama, IA",16904
19173,"Taylor, IA",6191
19175,"Union, IA",12359
19177,"Van Buren, IA",7020
19179,"Wapello, IA",35205
19181,"Warren, IA",51056
19183,"Washington, IA",22141
19185,"Wayne, IA",6401
19187,"Webster, IA",36277
19189,"Winnebago, IA",10518
19191,"Winneshiek, IA",20029
19193,"Woodbury, IA",102539
19195,"Worth, IA",7453
19197,"Wright, IA",12690
20001,"Allen, KS",12444
20003,"Anderson, KS",7878
20005,"Atchison, KS",16193
20007,"Barber, KS",4472
20009,"Barton, KS",26111
20011,"Bourbon, KS",14653
20013,"Brown, KS",9598
20015,"Butler, KS",66765
20017,"Chase, KS",2629
20019,"Chautauqua, KS",3309
20021,"Cherokee, KS",20015
20023,"Cheyenne, KS",2660
20025,"Clark, KS",2005
20027,"Clay, KS",7997
20029,"Cloud, KS",8729
20031,"Coffey, KS",8233
20033,"Comanche, KS",1748
20035,"Cowley, KS",35218
20037,"Crawford, KS",39019
20039,"Decatur, KS",2871
20041,"Dickinson, KS",18717
20043,"Doniphan, KS",7682
20045,"Douglas, KS",121436
20047,"Edwards, KS",2849
20049,"Elk, KS",2508
20051,"Ellis, KS",28710
20053,"Ellsworth, KS",6196
20055,"Finney, KS",36611
20057,"Ford, KS",33888
20059,"Franklin, KS",25631
20061,"Geary, KS",32594
20063,"Gove, KS",2612
20065,"Graham, KS",2492
20067,"Grant, KS",7336
20069,"Gray, KS",6033
20071,"Greeley, KS",1227
20073,"Greenwood, KS",6055
20075,"Hamilton, KS",2607
20077,"Harper, KS",5506
20079,"Harvey, KS",34210
20081,"Haskell, KS",3997
20083,"Hodgeman, KS",1818
20085,"Jackson, KS",13280
20087,"Jefferson, KS",18975
20089,"Jewell, KS",2841
20091,"Johnson, KS",597555
20093,"Kearny, KS",3943
20095,"Kingman, KS",7310
20097,"Kiowa, KS",2516
20099,"Labette, KS",19964
20101,"Lane, KS",1560
20103,"Leavenworth, KS",81352
20105,"Lincoln, KS",3023
20107,"Linn, KS",9750
20109,"Logan, KS",2844
20111,"Lyon, KS",33406
20113,"McPherson, KS",28537
20115,"Marion, KS",11950
20117,"Marshall, KS",9722
20119,"Meade, KS",4146
20121,"Miami, KS",33680
20123,"Mitchell, KS",6150
20125,"Montgomery, KS",32120
20127,"Morris, KS",5521
20129,"Morton, KS",2667
20131,"Nemaha, KS",10155
20133,"Neosho, KS",15951
20135,"Ness, KS",2840
20137,"Norton, KS",5430
20139,"Osage, KS",15941
20141,"Osborne, KS",3475
20143,"Ottawa, KS",5802
20145,"Pawnee, KS",6562
20147,"Phillips, KS",5317
20149,"Pottawatomie, KS",24277
20151,"Pratt, KS",9378
20153,"Rawlins, KS",2508
20155,"Reno, KS",62342
20157,"Republic, KS",4664
20159,"Rice, KS",9531
20161,"Riley, KS",73703
20163,"Rooks, KS",5013
20165,"Rush, KS",3093
20167,"Russell, KS",6907
20169,"Saline, KS",54401
20171,"Scott, KS",4897
20173,"Sedgwick, KS",513607
20175,"Seward, KS",21780
20177,"Shawnee, KS",177499
20179,"Sheridan, KS",2533
20181,"Sherman, KS",5899
20183,"Smith, KS",3603
20185,"Stafford, KS",4178
20187,"Stanton, KS",1987
20189,"Stevens, KS",5559
20191,"Sumner, KS",22996
20193,"Thomas, KS",7711
20195,"Trego, KS",2793
20197,"Wabaunsee, KS",6899
20199,"Wallace, KS",1503
20201,"Washington, KS",5420
20203,"Wichita, KS",2105
20205,"Wilson, KS",8665
20207,"Woodson, KS",3183
20209,"Wyandotte, KS",165324
21001,"Adair, KY",19215
21003,"Allen, KY",21122
21005,"Anderson, KY",22663
21007,"Ballard, KY",7979
21009,"Barren, KY",44176
21011,"Bath, KY",12383
21013,"Bell, KY",26569
21015,"Boone, KY",131533
21017,"Bourbon, KY",20184
21019,"Boyd, KY",47240
21021,"Boyle, KY",30100
21023,"Bracken, KY",8239
21025,"Breathitt, KY",12726
21027,"Breckinridge, KY",20388
21029,"Bullitt, KY",81069
21031,"Butler, KY",12772
21033,"Caldwell, KY",12715
21035,"Calloway, KY",39135
21037,"Campbell, KY",93152
21039,"Carlisle, KY",4771
21041,"Carroll, KY",10737
21043,"Carter, KY",27004
21045,"Casey, KY",15888
21047,"Christian, KY",71671
21049,"Clark, KY",36249
21051,"Clay, KY",20105
21053,"Clinton, KY",10206
21055,"Crittenden, KY",8915
21057,"Cumberland, KY",6659
21059,"Daviess, KY",101104
21061,"Edmonson, KY",12274
21063,"Elliott, KY",7508
21065,"Estill, KY",14198
21067,"Fayette, KY",323780
21069,"Fleming, KY",14432
21071,"Floyd, KY",35845
21073,"Franklin, KY",50815
21075,"Fulton, KY",6120
21077,"Gallatin, KY",8832
21079,"Garrard, KY",17560
21081,"Grant, KY",25121
21083,"Graves, KY",37317
21085,"Grayson, KY",26321
21087,"Green, KY",11049
21089,"Greenup, KY",35268
21091,"Hancock, KY",8758
21093,"Hardin, KY",110356
21095,"Harlan, KY",26409
21097,"Harrison, KY",18778
21099,"Hart, KY",18906
21101,"Henderson, KY",45591
21103,"Henry, KY",16106
21105,"Hickman, KY",4421
21107,"Hopkins, KY",45068
21109,"Jackson, KY",13442
21111,"Jefferson, KY",770517
21113,"Jessamine, KY",53920
21115,"Johnson, KY",22386
21117,"Kenton, KY",166051
21119,"Knott, KY",15126
21121,"Knox, KY",31304
21123,"Larue, KY",14307
21125,"Laurel, KY",60669
21127,"Lawrence, KY",15571
21129,"Lee, KY",7033
21131,"Leslie, KY",10143
21133,"Letcher, KY",21899
21135,"Lewis, KY",13257
21137,"Lincoln, KY",24644
21139,"Livingston, KY",9242
21141,"Logan, KY",26989
21143,"Lyon, KY",8009
21145,"McCracken, KY",65346
21147,"McCreary, KY",17408
21149,"McLean, KY",9252
21151,"Madison, KY",92368
21153,"Magoffin, KY",12362
21155,"Marion, KY",19404
21157,"Marshall, KY",31191
21159,"Martin, KY",11323
21161,"Mason, KY",17150
21163,"Meade, KY",28715
21165,"Menifee, KY",6451
21167,"Mercer, KY",21774
21169,"Metcalfe, KY",10030
21171,"Monroe, KY",10718
21173,"Montgomery, KY",28203
21175,"Morgan, KY",13345
21177,"Muhlenberg, KY",30774
21179,"Nelson, KY",45851
21181,"Nicholas, KY",7166
21183,"Ohio, KY",24087
21185,"Oldham, KY",66470
21187,"Owen, KY",10880
21189,"Owsley, KY",4472
21191,"Pendleton, KY",14529
21193,"Perry, KY",26092
21195,"Pike, KY",58402
21197,"Powell, KY",12442
21199,"Pulaski, KY",64623
21201,"Robertson, KY",2135
21203,"Rockcastle, KY",16750
21205,"Rowan, KY",24583
21207,"Russell, KY",17821
21209,"Scott, KY",56031
21211,"Shelby, KY",48518
21213,"Simpson, KY",18529
21215,"Spencer, KY",18794
21217,"Taylor, KY",25549
21219,"Todd, KY",12311
21221,"Trigg, KY",14643
21223,"Trimble, KY",8515
21225,"Union, KY",14505
21227,"Warren, KY",131264
21229,"Washington, KY",12084
21231,"Wayne, KY",20468
21233,"Webster, KY",13111
21235,"Whitley, KY",36242
21237,"Wolfe, KY",7177
21239,"Woodford, KY",26533
22001,"Acadia, LA",62190
22003,"Allen, LA",25605
22005,"Ascension, LA",124672
22007,"Assumption, LA",22300
22009,"Avoyelles, LA",40462
22011,"Beauregard, LA",37253
22013,"Bienville, LA",13308
22015,"Bossier, LA",127185
22017,"Caddo, LA",242922
22019,"Calcasieu, LA",203112
22021,"Caldwell, LA",9960
22023,"Cameron, LA",6968
22025,"Catahoula, LA",9608
22027,"Claiborne, LA",15944
22029,"Concordia, LA",19572
22031,"De Soto, LA",27436
22033,"East Baton Rouge, LA",440956
22035,"East Carroll, LA",7037
22037,"East Feliciana, LA",19305
22039,"Evangeline, LA",33443
22041,"Franklin, LA",20156
22043,"Grant, LA",22482
22045,"Iberia, LA",70941
22047,"Iberville, LA",32721
22049,"Jackson, LA",15902
22051,"Jefferson, LA",434051
22053,"Jefferson Davis, LA",31582
22055,"Lafayette, LA",242782
22057,"Lafourche, LA",98115
22059,"LaSalle, LA",14917
22061,"Lincoln, LA",47196
22063,"Livingston, LA",139567
22065,"Madison, LA",11161
22067,"Morehouse, LA",25398
22069,"Natchitoches, LA",38659
22071,"Orleans, LA",391006
22073,"Ouachita, LA",154475
22075,"Plaquemines, LA",23410
22077,"Pointe Coupee, LA",21940
22079,"Rapides, LA",130562
22081,"Red River, LA",8477
22083,"Richland, LA",20192
22085,"Sabine, LA",24032
22087,"St. Bernard, LA",46721
22089,"St. Charles, LA",52879
22091,"St. Helena, LA",10262
22093,"St. James, LA",21037
22095,"St. John the Baptist, LA",43184
22097,"St. Landry, LA",82764
22099,"St. Martin, LA",53621
22101,"St. Mary, LA",49774
22103,"St. Tammany, LA",258111
22105,"Tangipahoa, LA",133777
22107,"Tensas, LA",4462
22109,"Terrebonne, LA",111021
22111,"Union, LA",22330
22113,"Vermilion, LA",59830
22115,"Vernon, LA",48860
22117,"Washington, LA",46582
22119,"Webster, LA",38798
22121,"West Baton Rouge, LA",26427
22123,"West Carroll, LA",10982
22125,"West Feliciana, LA",15460
22127,"Winn, LA",14134
23001,"Androscoggin, ME",107679
23003,"Aroostook, ME",67111
23005,"Cumberland, ME",293557
23007,"Franklin, ME",29897
23009,"Hancock, ME",54811
23011,"Kennebec, ME",122083
23013,"Knox, ME",39771
23015,"Lincoln, ME",34342
23017,"Oxford, ME",57618
23019,"Penobscot, ME",151096
23021,"Piscataquis, ME",16800
23023,"Sagadahoc, ME",35634
23025,"Somerset, ME",50592
23027,"Waldo, ME",39694
23029,"Washington, ME",31490
23031,"York, ME",206229
24001,"Allegany, MD",70975
24003,"Anne Arundel, MD",576031
24005,"Baltimore, MD",828431
24009,"Calvert, MD",92003
24011,"Caroline, MD",33304
24013,"Carroll, MD",168429
24015,"Cecil, MD",102826
24017,"Charles, MD",161503
24019,"Dorchester, MD",31998
24021,"Frederick, MD",255648
24023,"Garrett, MD",29163
24025,"Harford, MD",253956
24027,"Howard, MD",323196
24029,"Kent, MD",19383
24031,"Montgomery, MD",1052567
24033,"Prince George's, MD",909308
24035,"Queen Anne's, MD",50251
24037,"St. Mary's, MD",112664
24039,"Somerset, MD",25675
24041,"Talbot, MD",36968
24043,"Washington, MD",150926
24045,"Wicomico, MD",103195
24047,"Worcester, MD",51823
24510,"Baltimore (Independent City), MD",602495
25001,"Barnstable, MA",213413
25003,"Berkshire, MA",126348
25005,"Bristol, MA",564022
25007,"Dukes, MA",17352
25009,"Essex, MA",790638
25011,"Franklin, MA",70963
25013,"Hampden, MA",470406
25015,"Hampshire, MA",161355
25017,"Middlesex, MA",1614714
25019,"Nantucket, MA",11327
25021,"Norfolk, MA",705388
25023,"Plymouth, MA",518132
25025,"Suffolk, MA",807252
25027,"Worcester, MA",830839
26001,"Alcona, MI",10362
26003,"Alger, MI",9097
26005,"Allegan, MI",117327
26007,"Alpena, MI",28360
26009,"Antrim, MI",23365
26011,"Arenac, MI",15041
26013,"Baraga, MI",8320
26015,"Barry, MI",61157
26017,"Bay, MI",103923
26019,"Benzie, MI",17753
26021,"Berrien, MI",154141
26023,"Branch, MI",43622
26025,"Calhoun, MI",134487
26027,"Cass, MI",51653
26029,"Charlevoix, MI",26244
26031,"Cheboygan, MI",25413
26033,"Chippewa, MI",37517
26035,"Clare, MI",30757
26037,"Clinton, MI",79332
26039,"Crawford, MI",13901
26041,"Delta, MI",35857
26043,"Dickinson, MI",25383
26045,"Eaton, MI",109826
26047,"Emmet, MI",33308
26049,"Genesee, MI",406892
26051,"Gladwin, MI",25337
26053,"Gogebic, MI",15096
26055,"Grand Traverse, MI",92573
26057,"Gratiot, MI",40599
26059,"Hillsdale, MI",45749
26061,"Houghton, MI",36219
26063,"Huron, MI",31166
26065,"Ingham, MI",292735
26067,"Ionia, MI",64210
26069,"Iosco, MI",25081
26071,"Iron, MI",11117
26073,"Isabella, MI",70562
26075,"Jackson, MI",158823
26077,"Kalamazoo, MI",264870
26079,"Kalkaska, MI",17824
26081,"Kent, MI",653786
26083,"Keweenaw, MI",2113
26085,"Lake, MI",11881
26087,"Lapeer, MI",88028
26089,"Leelanau, MI",21764
26091,"Lenawee, MI",98266
26093,"Livingston, MI",191224
26095,"Luce, MI",6283
26097,"Mackinac, MI",10787
26099,"Macomb, MI",874759
26101,"Manistee, MI",24528
26103,"Marquette, MI",66516
26105,"Mason, MI",29100
26107,"Mecosta, MI",43545
26109,"Menominee, MI",22983
26111,"Midland, MI",83209
26113,"Missaukee, MI",15113
26115,"Monroe, MI",150439
26117,"Montcalm, MI",63968
26119,"Montmorency, MI",9265
26121,"Muskegon, MI",173588
26123,"Newaygo, MI",48892
26125,"Oakland, MI",1259201
26127,"Oceana, MI",26625
26129,"Ogemaw, MI",20952
26131,"Ontonagon, MI",5795
26133,"Osceola, MI",23341
26135,"Oscoda, MI",8276
26137,"Otsego, MI",24665
26139,"Ottawa, MI",290494
26141,"Presque Isle, MI",12738
26143,"Roscommon, MI",23884
26145,"Saginaw, MI",190800
26147,"St. Clair, MI",159337
26149,"St. Joseph, MI",61043
26151,"Sanilac, MI",41182
26153,"Schoolcraft, MI",8068
26155,"Shiawassee, MI",68192
26157,"Tuscola, MI",52516
26159,"Van Buren, MI",75448
26161,"Washtenaw, MI",370963
26163,"Wayne, MI",1753893
26165,"Wexford, MI",33466
27001,"Aitkin, MN",15902
27003,"Anoka, MN",353813
27005,"Becker, MN",34371
27007,"Beltrami, MN",46847
27009,"Benton, MN",40545
27011,"Big Stone, MN",4989
27013,"Blue Earth, MN",67427
27015,"Brown, MN",25111
27017,"Carlton, MN",35837
27019,"Carver, MN",103551
27021,"Cass, MN",29519
27023,"Chippewa, MN",11924
27025,"Chisago, MN",55922
27027,"Clay, MN",63955
27029,"Clearwater, MN",8810
27031,"Cook, MN",5393
27033,"Cottonwood, MN",11277
27035,"Crow Wing, MN",64889
27037,"Dakota, MN",425423
27039,"Dodge, MN",20822
27041,"Douglas, MN",37964
27043,"Faribault, MN",13758
27045,"Fillmore, MN",21058
27047,"Freeborn, MN",30444
27049,"Goodhue, MN",46403
27051,"Grant, MN",6021
27053,"Hennepin, MN",1259428
27055,"Houston, MN",18578
27057,"Hubbard, MN",21332
27059,"Isanti, MN",39966
27061,"Itasca, MN",45108
27063,"Jackson, MN",9911
27065,"Kanabec, MN",16207
27067,"Kandiyohi, MN",42855
27069,"Kittson, MN",4248
27071,"Koochiching, MN",12440
27073,"Lac qui Parle, MN",6658
27075,"Lake, MN",10658
27077,"Lake of the Woods, MN",3758
27079,"Le Sueur, MN",28494
27081,"Lincoln, MN",5673
27083,"Lyon, MN",25629
27085,"McLeod, MN",35873
27087,"Mahnomen, MN",5519
27089,"Marshall, MN",9390
27091,"Martin, MN",19785
27093,"Meeker, MN",23141
27095,"Mille Lacs, MN",26139
27097,"Morrison, MN",33169
27099,"Mower, MN",40011
27101,"Murray, MN",8276
27103,"Nicollet, MN",34220
27105,"Nobles, MN",21924
27107,"Norman, MN",6475
27109,"Olmsted, MN",156277
27111,"Otter Tail, MN",58812
27113,"Pennington, MN",14178
27115,"Pine, MN",29483
27117,"Pipestone, MN",9047
27119,"Polk, MN",31529
27121,"Pope, MN",11097
27123,"Ramsey, MN",550210
27125,"Red Lake, MN",3999
27127,"Redwood, MN",15249
27129,"Renville, MN",14612
27131,"Rice, MN",66523
27133,"Rock, MN",9414
27135,"Roseau, MN",15150
27137,"St. Louis, MN",199754
27139,"Scott, MN",147381
27141,"Sherburne, MN",96036
27143,"Sibley, MN",15028
27145,"Stearns, MN",159256
27147,"Steele, MN",36803
27149,"Stevens, MN",9753
27151,"Swift, MN",9345
27153,"Todd, MN",24582
27155,"Traverse, MN",3308
27157,"Wabasha, MN",21645
27159,"Wadena, MN",13773
27161,"Waseca, MN",18691
27163,"Washington, MN",259201
27165,"Watonwan, MN",10980
27167,"Wilkin, MN",6254
27169,"Winona, MN",50825
27171,"Wright, MN",136349
27173,"Yellow Medicine, MN",9795
28001,"Adams, MS",31192
28003,"Alcorn, MS",36925
28005,"Amite, MS",12326
28007,"Attala, MS",18365
28009,"Benton, MS",8271
28011,"Bolivar, MS",31333
28013,"Calhoun, MS",14436
28015,"Carroll, MS",9911
28017,"Chickasaw, MS",17171
28019,"Choctaw, MS",8278
28021,"Claiborne, MS",9002
28023,"Clarke, MS",15604
28025,"Clay, MS",19386
28027,"Coahoma, MS",22628
28029,"Copiah, MS",28543
28031,"Covington, MS",18853
28033,"DeSoto, MS",182001
28035,"Forrest, MS",75036
28037,"Franklin, MS",7788
28039,"George, MS",24250
28041,"Greene, MS",13586
28043,"Grenada, MS",21055
28045,"Hancock, MS",47334
28047,"Harrison, MS",206650
28049,"Hinds, MS",237085
28051,"Holmes, MS",17622
28053,"Humphreys, MS",8257
28055,"Issaquena, MS",1308
28057,"Itawamba, MS",23517
28059,"Jackson, MS",143277
28061,"Jasper, MS",16428
28063,"Jefferson, MS",7106
28065,"Jefferson Davis, MS",11234
28067,"Jones, MS",68461
28069,"Kemper, MS",10027
28071,"Lafayette, MS",54793
28073,"Lamar, MS",62447
28075,"Lauderdale, MS",75317
28077,"Lawrence, MS",12455
28079,"Leake, MS",22763
28081,"Lee, MS",85202
28083,"Leflore, MS",28919
28085,"Lincoln, MS",34205
28087,"Lowndes, MS",58930
28089,"Madison, MS",105630
28091,"Marion, MS",24715
28093,"Marshall, MS",35451
28095,"Monroe, MS",35564
28097,"Montgomery, MS",10023
28099,"Neshoba, MS",29125
28101,"Newton, MS",21443
28103,"Noxubee, MS",10535
28105,"Oktibbeha, MS",49599
28107,"Panola, MS",34178
28109,"Pearl River, MS",55387
28111,"Perry, MS",11931
28113,"Pike, MS",39563
28115,"Pontotoc, MS",31833
28117,"Prentiss, MS",25315
28119,"Quitman, MS",7051
28121,"Rankin, MS",153902
28123,"Scott, MS",28287
28125,"Sharkey, MS",4377
28127,"Simpson, MS",26758
28129,"Smith, MS",16002
28131,"Stone, MS",18717
28133,"Sunflower, MS",25735
28135,"Tallahatchie, MS",13987
28137,"Tate, MS",28759
28139,"Tippah, MS",21995
28141,"Tishomingo, MS",19454
28143,"Tunica, MS",9944
28145,"Union, MS",28606
28147,"Walthall, MS",14465
28149,"Warren, MS",46176
28151,"Washington, MS",45063
28153,"Wayne, MS",20298
28155,"Webster, MS",9788
28157,"Wilkinson, MS",8792
28159,"Winston, MS",18165
28161,"Yalobusha, MS",12392
28163,"Yazoo, MS",28248
29001,"Adair, MO",25339
29003,"Andrew, MO",17607
29005,"Atchison, MO",5171
29007,"Audrain, MO",25473
29009,"Barry, MO",35886
29011,"Barton, MO",11798
29013,"Bates, MO",16320
29015,"Benton, MO",19278
29017,"Bollinger, MO",12169
29019,"Boone, MO",180005
29021,"Buchanan, MO",88571
29023,"Butler, MO",42639
29025,"Caldwell, MO",9108
29027,"Callaway, MO",44889
29029,"Camden, MO",45815
29031,"Cape Girardeau, MO",78753
29033,"Carroll, MO",8743
29035,"Carter, MO",6054
29037,"Cass, MO",104954
29039,"Cedar, MO",14165
29041,"Chariton, MO",7451
29043,"Christian, MO",86983
29045,"Clark, MO",6842
29047,"Clay, MO",246365
29049,"Clinton, MO",20470
29051,"Cole, MO",76796
29053,"Cooper, MO",17603
29055,"Crawford, MO",23957
29057,"Dade, MO",7569
29059,"Dallas, MO",16762
29061,"Daviess, MO",8313
29063,"DeKalb, MO",12630
29065,"Dent, MO",15441
29067,"Douglas, MO",13373
29069,"Dunklin, MO",29423
29071,"Franklin, MO",103670
29073,"Gasconade, MO",14705
29075,"Gentry, MO",6628
29077,"Greene, MO",291923
29079,"Grundy, MO",9914
29081,"Harrison, MO",8414
29083,"Henry, MO",21792
29085,"Hickory, MO",9509
29087,"Holt, MO",4404
29089,"Howard, MO",10137
29091,"Howell, MO",40076
29093,"Iron, MO",10177
29095,"Jackson, MO",700307
29097,"Jasper, MO",120636
29099,"Jefferson, MO",224347
29101,"Johnson, MO",53652
29103,"Knox, MO",3947
29105,"Laclede, MO",35713
29107,"Lafayette, MO",32598
29109,"Lawrence, MO",38359
29111,"Lewis, MO",9855
29113,"Lincoln, MO",57686
29115,"Linn, MO",12037
29117,"Livingston, MO",15146
29119,"McDonald, MO",23078
29121,"Macon, MO",15153
29123,"Madison, MO",12188
29125,"Maries, MO",8769
29127,"Marion, MO",28592
29129,"Mercer, MO",3641
29131,"Miller, MO",25336
29133,"Mississippi, MO",13336
29135,"Moniteau, MO",16121
29137,"Monroe, MO",8664
29139,"Montgomery, MO",11534
29141,"Morgan, MO",20358
29143,"New Madrid, MO",17296
29145,"Newton, MO",58266
29147,"Nodaway, MO",22304
29149,"Oregon, MO",10541
29151,"Osage, MO",13714
29153,"Ozark, MO",9017
29155,"Pemiscot, MO",16272
29157,"Perry, MO",19150
29159,"Pettis, MO",42542
29161,"Phelps, MO",44732
29163,"Pike, MO",18504
29165,"Platte, MO",102985
29167,"Polk, MO",32201
29169,"Pulaski, MO",52014
29171,"Putnam, MO",4757
29173,"Ralls, MO",10212
29175,"Randolph, MO",24763
29177,"Ray, MO",22883
29179,"Reynolds, MO",6254
29181,"Ripley, MO",13401
29183,"St. Charles, MO",399182
29185,"St. Clair, MO",9395
29186,"Ste. Genevieve, MO",17888
29187,"St. Francois, MO",66692
29189,"St. Louis, MO",996945
29195,"Saline, MO",22895
29197,"Schuyler, MO",4599
29199,"Scotland, MO",4966
29201,"Scott, MO",38458
29203,"Shannon, MO",8189
29205,"Shelby, MO",6050
29207,"Stoddard, MO",29206
29209,"Stone, MO",31749
29211,"Sullivan, MO",6221
29213,"Taney, MO",55852
29215,"Texas, MO",25571
29217,"Vernon, MO",20528
29219,"Warren, MO",34711
29221,"Washington, MO",24943
29223,"Wayne, MO",13122
29225,"Webster, MO",39109
29227,"Worth, MO",2040
29229,"Wright, MO",18378
29510,"St. Louis (Independent City), MO",302838
30001,"Beaverhead, MT",9404
30003,"Big Horn, MT",13338
30005,"Blaine, MT",6807
30007,"Broadwater, MT",6085
30009,"Carbon, MT",10714
30011,"Carter, MT",1238
30013,"Cascade, MT",81643
30015,"Chouteau, MT",5745
30017,"Custer, MT",11586
30019,"Daniels, MT",1747
30021,"Dawson, MT",8680
30023,"Deer Lodge, MT",9131
30025,"Fallon, MT",2920
30027,"Fergus, MT",11113
30029,"Flathead, MT",102106
30031,"Gallatin, MT",111876
30033,"Garfield, MT",1268
30035,"Glacier, MT",13747
30037,"Golden Valley, MT",826
30039,"Granite, MT",3378
30041,"Hill, MT",16347
30043,"Jefferson, MT",12097
30045,"Judith Basin, MT",1952
30047,"Lake, MT",30250
30049,"Lewis and Clark, MT",68700
30051,"Liberty, MT",2430
30053,"Lincoln, MT",19794
30055,"McCone, MT",1675
30057,"Madison, MT",8768
30059,"Meagher, MT",1866
30061,"Mineral, MT",4316
30063,"Missoula, MT",118791
30065,"Musselshell, MT",4651
30067,"Park, MT",16736
30069,"Petroleum, MT",513
30071,"Phillips, MT",4074
30073,"Pondera, MT",5972
30075,"Powder River, MT",1716
30077,"Powell, MT",6968
30079,"Prairie, MT",1087
30081,"Ravalli, MT",43172
30083,"Richland, MT",10913
30085,"Roosevelt, MT",11059
30087,"Rosebud, MT",9063
30089,"Sanders, MT",11844
30091,"Sheridan, MT",3424
30093,"Silver Bow, MT",34993
30095,"Stillwater, MT",9534
30097,"Sweet Grass, MT",3710
30099,"Teton, MT",6162
30101,"Toole, MT",4853
30103,"Treasure, MT",679
30105,"Valley, MT",7437
30107,"Wheatland, MT",2236
30109,"Wibaux, MT",1034
30111,"Yellowstone, MT",160137
31001,"Adams, NE",31511
31003,"Antelope, NE",6336
31005,"Arthur, NE",465
31007,"Banner, NE",730
31009,"Blaine, NE",476
31011,"Boone, NE",5239
31013,"Box Butte, NE",10772
31015,"Boyd, NE",1955
31017,"Brown, NE",2973
31019,"Buffalo, NE",49615
31021,"Burt, NE",6488
31023,"Butler, NE",8058
31025,"Cass, NE",26159
31027,"Cedar, NE",8446
31029,"Chase, NE",3977
31031,"Cherry, NE",5761
31033,"Cheyenne, NE",9310
31035,"Clay, NE",6214
31037,"Colfax, NE",10881
31039,"Cuming, NE",8940
31041,"Custer, NE",10840
31043,"Dakota, NE",20083
31045,"Dawes, NE",8716
31047,"Dawson, NE",23709
31049,"Deuel, NE",1825
31051,"Dixon, NE",5709
31053,"Dodge, NE",36791
31055,"Douglas, NE",566880
31057,"Dundy, NE",1770
31059,"Fillmore, NE",5527
31061,"Franklin, NE",3023
31063,"Frontier, NE",2608
31065,"Furnas, NE",4715
31067,"Gage, NE",21493
31069,"Garden, NE",1897
31071,"Garfield, NE",1987
31073,"Gosper, NE",1996
31075,"Grant, NE",660
31077,"Greeley, NE",2356
31079,"Hall, NE",61607
31081,"Hamilton, NE",9280
31083,"Harlan, NE",3401
31085,"Hayes, NE",916
31087,"Hitchcock, NE",2806
31089,"Holt, NE",10178
31091,"Hooker, NE",682
31093,"Howard, NE",6468
31095,"Jefferson, NE",7097
31097,"Johnson, NE",5134
31099,"Kearney, NE",6544
31101,"Keith, NE",8021
31103,"Keya Paha, NE",810
31105,"Kimball, NE",3618
31107,"Knox, NE",8419
31109,"Lancaster, NE",317272
31111,"Lincoln, NE",35185
31113,"Logan, NE",749
31115,"Loup, NE",618
31117,"McPherson, NE",492
31119,"Madison, NE",35392
31121,"Merrick, NE",7733
31123,"Morrill, NE",4686
31125,"Nance, NE",3532
31127,"Nemaha, NE",6958
31129,"Nuckolls, NE",4195
31131,"Otoe, NE",15985
31133,"Pawnee, NE",2632
31135,"Perkins, NE",2929
31137,"Phelps, NE",8996
31139,"Pierce, NE",7142
31141,"Platte, NE",33363
31143,"Polk, NE",5278
31145,"Red Willow, NE",10726
31147,"Richardson, NE",7937
31149,"Rock, NE",1360
31151,"Saline, NE",14350
31153,"Sarpy, NE",184459
31155,"Saunders, NE",21303
31157,"Scotts Bluff, NE",35989
31159,"Seward, NE",17318
31161,"Sheridan, NE",5190
31163,"Sherman, NE",3038
31165,"Sioux, NE",1187
31167,"Stanton, NE",5970
31169,"Thayer, NE",5039
31171,"Thomas, NE",720
31173,"Thurston, NE",7303
31175,"Valley, NE",4190
31177,"Washington, NE",20667
31179,"Wayne, NE",9403
31181,"Webster, NE",3533
31183,"Wheeler, NE",805
31185,"York, NE",13772
32001,"Churchill, NV",24440
32003,"Clark, NV",2231647
32005,"Douglas, NV",48467
32007,"Elko, NV",52460
32009,"Esmeralda, NV",826
32011,"Eureka, NV",2003
32013,"Humboldt, NV",16786
32015,"Lander, NV",5575
32017,"Lincoln, NV",5201
32019,"Lyon, NV",55808
32021,"Mineral, NV",4514
32023,"Nye, NV",45346
32027,"Pershing, NV",6666
32029,"Storey, NV",4029
32031,"Washoe, NV",465735
32033,"White Pine, NV",9475
32510,"Carson City (Independent City), NV",55414
33001,"Belknap, NH",61022
33003,"Carroll, NH",48779
33005,"Cheshire, NH",76493
33007,"Coos, NH",31589
33009,"Grafton, NH",89786
33011,"Hillsborough, NH",415247
33013,"Merrimack, NH",151132
33015,"Rockingham, NH",309176
33017,"Strafford, NH",130090
33019,"Sullivan, NH",43144
34001,"Atlantic, NJ",265429
34003,"Bergen, NJ",936692
34005,"Burlington, NJ",445384
34007,"Camden, NJ",507078
34009,"Cape May, NJ",92560
34011,"Cumberland, NJ",150972
34013,"Essex, NJ",799767
34015,"Gloucester, NJ",291408
34017,"Hudson, NJ",676061
34019,"Hunterdon, NJ",124714
34021,"Mercer, NJ",369811
34023,"Middlesex, NJ",829685
34025,"Monmouth, NJ",621354
34027,"Morris, NJ",494228
34029,"Ocean, NJ",601651
34031,"Passaic, NJ",503310
34033,"Salem, NJ",62607
34035,"Somerset, NJ",331164
34037,"Sussex, NJ",140799
34039,"Union, NJ",558067
34041,"Warren, NJ",105779
35001,"Bernalillo, NM",678701
35003,"Catron, NM",3578
35005,"Chaves, NM",64689
35006,"Cibola, NM*",26746
35007,"Colfax, NM",12110
35009,"Curry, NM",49437
35011,"De Baca, NM",1781
35013,"Do√±a Ana, NM",217522
35015,"Eddy, NM",57900
35017,"Grant, NM",27346
35019,"Guadalupe, NM",4341
35021,"Harding, NM",655
35023,"Hidalgo, NM",4240
35025,"Lea, NM",69611
35027,"Lincoln, NM",19556
35028,"Los Alamos, NM",19101
35029,"Luna, NM",23963
35031,"McKinley, NM",72290
35033,"Mora, NM",4506
35035,"Otero, NM",66781
35037,"Quay, NM",8253
35039,"Rio Arriba, NM",39006
35041,"Roosevelt, NM",18743
35043,"Sandoval, NM",145179
35045,"San Juan, NM",125043
35047,"San Miguel, NM",27591
35049,"Santa Fe, NM",150056
35051,"Sierra, NM",10968
35053,"Socorro, NM",16735
35055,"Taos, NM",32835
35057,"Torrance, NM",15591
35059,"Union, NM",4118
35061,"Valencia, NM*",76456
36001,"Albany, NY",307117
36003,"Allegany, NY",46430
36005,"Bronx, NY",1432132
36007,"Broome, NY",191659
36009,"Cattaraugus, NY",76840
36011,"Cayuga, NY",77145
36013,"Chautauqua, NY",127939
36015,"Chemung, NY",84254
36017,"Chenango, NY",47536
36019,"Clinton, NY",80695
36021,"Columbia, NY",59916
36023,"Cortland, NY",47823
36025,"Delaware, NY",44527
36027,"Dutchess, NY",293718
36029,"Erie, NY",919719
36031,"Essex, NY",37300
36033,"Franklin, NY",50293
36035,"Fulton, NY",53591
36037,"Genesee, NY",57511
36039,"Greene, NY",47491
36041,"Hamilton, NY",4434
36043,"Herkimer, NY",61833
36045,"Jefferson, NY",111755
36047,"Kings, NY",2582830
36049,"Lewis, NY",26447
36051,"Livingston, NY",63227
36053,"Madison, NY",70795
36055,"Monroe, NY",742474
36057,"Montgomery, NY",49455
36059,"Nassau, NY",1358343
36061,"New York, NY",1628701
36063,"Niagara, NY",210433
36065,"Oneida, NY",229577
36067,"Onondaga, NY",461809
36069,"Ontario, NY",109864
36071,"Orange, NY",381951
36073,"Orleans, NY",40612
36075,"Oswego, NY",117898
36077,"Otsego, NY",59749
36079,"Putnam, NY",98892
36081,"Queens, NY",2278906
36083,"Rensselaer, NY",159442
36085,"Richmond, NY",476179
36087,"Rockland, NY",325695
36089,"St. Lawrence, NY",108047
36091,"Saratoga, NY",230163
36093,"Schenectady, NY",155350
36095,"Schoharie, NY",31097
36097,"Schuyler, NY",17912
36099,"Seneca, NY",34300
36101,"Steuben, NY",95796
36103,"Suffolk, NY",1481093
36105,"Sullivan, NY",75498
36107,"Tioga, NY",48560
36109,"Tompkins, NY",102793
36111,"Ulster, NY",178599
36113,"Warren, NY",64265
36115,"Washington, NY",61197
36117,"Wayne, NY",90064
36119,"Westchester, NY",967612
36121,"Wyoming, NY",40085
36123,"Yates, NY",24841
37001,"Alamance, NC",166436
37003,"Alexander, NC",37353
37005,"Alleghany, NC",11161
37007,"Anson, NC",24877
37009,"Ashe, NC",27109
37011,"Avery, NC",17505
37013,"Beaufort, NC",47079
37015,"Bertie, NC",19026
37017,"Bladen, NC",33190
37019,"Brunswick, NC",136744
37021,"Buncombe, NC",259103
37023,"Burke, NC",90382
37025,"Cabarrus, NC",211342
37027,"Caldwell, NC",82029
37029,"Camden, NC",10710
37031,"Carteret, NC",69524
37033,"Caswell, NC",22698
37035,"Catawba, NC",158652
37037,"Chatham, NC",73139
37039,"Cherokee, NC",28383
37041,"Chowan, NC",14029
37043,"Clay, NC",11139
37045,"Cleveland, NC",97645
37047,"Columbus, NC",55655
37049,"Craven, NC",102912
37051,"Cumberland, NC",332330
37053,"Currituck, NC",27072
37055,"Dare, NC",36501
37057,"Davidson, NC",166614
37059,"Davie, NC",42733
37061,"Duplin, NC",58856
37063,"Durham, NC",316739
37065,"Edgecombe, NC",52005
37067,"Forsyth, NC",379099
37069,"Franklin, NC",67560
37071,"Gaston, NC",222846
37073,"Gates, NC",11573
37075,"Graham, NC",8484
37077,"Granville, NC",60115
37079,"Greene, NC",21012
37081,"Guilford, NC",533670
37083,"Halifax, NC",50574
37085,"Harnett, NC",134214
37087,"Haywood, NC",61971
37089,"Henderson, NC",116748
37091,"Hertford, NC",23659
37093,"Hoke, NC",54764
37095,"Hyde, NC",5230
37097,"Iredell, NC",178435
37099,"Jackson, NC",43327
37101,"Johnston, NC",202675
37103,"Jones, NC",9637
37105,"Lee, NC",61452
37107,"Lenoir, NC",55976
37109,"Lincoln, NC",83770
37111,"McDowell, NC",45507
37113,"Macon, NC",35285
37115,"Madison, NC",21763
37117,"Martin, NC",22671
37119,"Mecklenburg, NC",1093901
37121,"Mitchell, NC",15000
37123,"Montgomery, NC",27271
37125,"Moore, NC",98682
37127,"Nash, NC",94016
37129,"New Hanover, NC",232274
37131,"Northampton, NC",19676
37133,"Onslow, NC",197683
37135,"Orange, NC",146027
37137,"Pamlico, NC",12670
37139,"Pasquotank, NC",39639
37141,"Pender, NC",62162
37143,"Perquimans, NC",13422
37145,"Person, NC",39507
37147,"Pitt, NC",179914
37149,"Polk, NC",20611
37151,"Randolph, NC",143351
37153,"Richmond, NC",44887
37155,"Robeson, NC",131831
37157,"Rockingham, NC",90690
37159,"Rowan, NC",141262
37161,"Rutherford, NC",66826
37163,"Sampson, NC",63626
37165,"Scotland, NC",34810
37167,"Stanly, NC",62075
37169,"Stokes, NC",45467
37171,"Surry, NC",71948
37173,"Swain, NC",14245
37175,"Transylvania, NC",34215
37177,"Tyrrell, NC",4131
37179,"Union, NC",235908
37181,"Vance, NC",44582
37183,"Wake, NC",1092305
37185,"Warren, NC",19807
37187,"Washington, NC",11859
37189,"Watauga, NC",55945
37191,"Wayne, NC",123248
37193,"Wilkes, NC",68557
37195,"Wilson, NC",81455
37197,"Yadkin, NC",37543
37199,"Yancey, NC",17903
38001,"Adams, ND",2294
38003,"Barnes, ND",10542
38005,"Benson, ND",6962
38007,"Billings, ND",919
38009,"Bottineau, ND",6411
38011,"Bowman, ND",3076
38013,"Burke, ND",2100
38015,"Burleigh, ND",95273
38017,"Cass, ND",181516
38019,"Cavalier, ND",3829
38021,"Dickey, ND",4903
38023,"Divide, ND",2283
38025,"Dunn, ND",4332
38027,"Eddy, ND",2313
38029,"Emmons, ND",3295
38031,"Foster, ND",3216
38033,"Golden Valley, ND",1769
38035,"Grand Forks, ND",70770
38037,"Grant, ND",2374
38039,"Griggs, ND",2232
38041,"Hettinger, ND",2514
38043,"Kidder, ND",2450
38045,"LaMoure, ND",4062
38047,"Logan, ND",1903
38049,"McHenry, ND",5816
38051,"McIntosh, ND",2585
38053,"McKenzie, ND",13632
38055,"McLean, ND",9541
38057,"Mercer, ND",8267
38059,"Morton, ND",31095
38061,"Mountrail, ND",10218
38063,"Nelson, ND",2869
38065,"Oliver, ND",1952
38067,"Pembina, ND",6947
38069,"Pierce, ND",4081
38071,"Ramsey, ND",11481
38073,"Ransom, ND",5237
38075,"Renville, ND",2374
38077,"Richland, ND",16239
38079,"Rolette, ND",14301
38081,"Sargent, ND",3870
38083,"Sheridan, ND",1349
38085,"Sioux, ND",4358
38087,"Slope, ND",763
38089,"Stark, ND",30997
38091,"Steele, ND",1903
38093,"Stutsman, ND",20917
38095,"Towner, ND",2192
38097,"Traill, ND",8037
38099,"Walsh, ND",10667
38101,"Ward, ND",67744
38103,"Wells, ND",3957
38105,"Williams, ND",35350
39001,"Adams, OH",27724
39003,"Allen, OH",102663
39005,"Ashland, OH",53745
39007,"Ashtabula, OH",97493
39009,"Athens, OH",65818
39011,"Auglaize, OH",45804
39013,"Belmont, OH",67505
39015,"Brown, OH",43602
39017,"Butler, OH",382378
39019,"Carroll, OH",27081
39021,"Champaign, OH",38754
39023,"Clark, OH",134585
39025,"Clermont, OH",205466
39027,"Clinton, OH",42057
39029,"Columbiana, OH",102665
39031,"Coshocton, OH",36629
39033,"Crawford, OH",41550
39035,"Cuyahoga, OH",1243857
39037,"Darke, OH",51323
39039,"Defiance, OH",38165
39041,"Delaware, OH",204826
39043,"Erie, OH",74615
39045,"Fairfield, OH",155782
39047,"Fayette, OH",28666
39049,"Franklin, OH",1310300
39051,"Fulton, OH",42276
39053,"Gallia, OH",29979
39055,"Geauga, OH",94031
39057,"Greene, OH",167995
39059,"Guernsey, OH",39022
39061,"Hamilton, OH",816684
39063,"Hancock, OH",75930
39065,"Hardin, OH",31480
39067,"Harrison, OH",15174
39069,"Henry, OH",27086
39071,"Highland, OH",43058
39073,"Hocking, OH",28385
39075,"Holmes, OH",43892
39077,"Huron, OH",58504
39079,"Jackson, OH",32384
39081,"Jefferson, OH",65767
39083,"Knox, OH",61893
39085,"Lake, OH",230514
39087,"Lawrence, OH",59866
39089,"Licking, OH",175769
39091,"Logan, OH",45358
39093,"Lorain, OH",309461
39095,"Lucas, OH",429899
39097,"Madison, OH",44413
39099,"Mahoning, OH",229642
39101,"Marion, OH",65256
39103,"Medina, OH",179146
39105,"Meigs, OH",23106
39107,"Mercer, OH",40959
39109,"Miami, OH",106222
39111,"Monroe, OH",13790
39113,"Montgomery, OH",532331
39115,"Morgan, OH",14604
39117,"Morrow, OH",35112
39119,"Muskingum, OH",86183
39121,"Noble, OH",14354
39123,"Ottawa, OH",40769
39125,"Paulding, OH",18760
39127,"Perry, OH",36033
39129,"Pickaway, OH",58086
39131,"Pike, OH",28067
39133,"Portage, OH",162927
39135,"Preble, OH",40997
39137,"Putnam, OH",33780
39139,"Richland, OH",121099
39141,"Ross, OH",76931
39143,"Sandusky, OH",58799
39145,"Scioto, OH",75502
39147,"Seneca, OH",55207
39149,"Shelby, OH",48627
39151,"Stark, OH",371574
39153,"Summit, OH",541918
39155,"Trumbull, OH",198627
39157,"Tuscarawas, OH",92176
39159,"Union, OH",57835
39161,"Van Wert, OH",28281
39163,"Vinton, OH",13139
39165,"Warren, OH",232173
39167,"Washington, OH",60155
39169,"Wayne, OH",115967
39171,"Williams, OH",36804
39173,"Wood, OH",130696
39175,"Wyandot, OH",21935
40001,"Adair, OK",22082
40003,"Alfalfa, OK",5754
40005,"Atoka, OK",13838
40007,"Beaver, OK",5319
40009,"Beckham, OK",21709
40011,"Blaine, OK",9485
40013,"Bryan, OK",47192
40015,"Caddo, OK",28977
40017,"Canadian, OK",144447
40019,"Carter, OK",48177
40021,"Cherokee, OK",48675
40023,"Choctaw, OK",14668
40025,"Cimarron, OK",2153
40027,"Cleveland, OK",281669
40029,"Coal, OK",5520
40031,"Comanche, OK",120422
40033,"Cotton, OK",5776
40035,"Craig, OK",14306
40037,"Creek, OK",71604
40039,"Custer, OK",29036
40041,"Delaware, OK",42733
40043,"Dewey, OK",4894
40045,"Ellis, OK",3952
40047,"Garfield, OK",60913
40049,"Garvin, OK",27811
40051,"Grady, OK",55551
40053,"Grant, OK",4326
40055,"Greer, OK",5821
40057,"Harmon, OK",2664
40059,"Harper, OK",3797
40061,"Haskell, OK",12668
40063,"Hughes, OK",13335
40065,"Jackson, OK",24949
40067,"Jefferson, OK",6123
40069,"Johnston, OK",10949
40071,"Kay, OK",44161
40073,"Kingfisher, OK",15816
40075,"Kiowa, OK",8729
40077,"Latimer, OK",10231
40079,"Le Flore, OK",49980
40081,"Lincoln, OK",34920
40083,"Logan, OK",47291
40085,"Love, OK",10134
40087,"McClain, OK",39985
40089,"McCurtain, OK",32703
40091,"McIntosh, OK",19815
40093,"Major, OK",7644
40095,"Marshall, OK",16806
40097,"Mayes, OK",41107
40099,"Murray, OK",13953
40101,"Muskogee, OK",68362
40103,"Noble, OK",11289
40105,"Nowata, OK",10218
40107,"Okfuskee, OK",12098
40109,"Oklahoma, OK",792582
40111,"Okmulgee, OK",38335
40113,"Osage, OK",47014
40115,"Ottawa, OK",31175
40117,"Pawnee, OK",16390
40119,"Payne, OK",82040
40121,"Pittsburg, OK",43877
40123,"Pontotoc, OK",38247
40125,"Pottawatomie, OK",72679
40127,"Pushmataha, OK",11179
40129,"Roger Mills, OK",3656
40131,"Rogers, OK",91984
40133,"Seminole, OK",24578
40135,"Sequoyah, OK",41179
40137,"Stephens, OK",43265
40139,"Texas, OK",20455
40141,"Tillman, OK",7348
40143,"Tulsa, OK",648360
40145,"Wagoner, OK",80110
40147,"Washington, OK",51843
40149,"Washita, OK",11127
40151,"Woods, OK",8897
40153,"Woodward, OK",20222
41001,"Baker, OR",16006
41003,"Benton, OR",92101
41005,"Clackamas, OR",416075
41007,"Clatsop, OR",39764
41009,"Columbia, OR",52377
41011,"Coos, OR",64389
41013,"Crook, OR",23867
41015,"Curry, OR",22813
41017,"Deschutes, OR",191996
41019,"Douglas, OR",110283
41021,"Gilliam, OR",1894
41023,"Grant, OR",7176
41025,"Harney, OR",7329
41027,"Hood River, OR",23428
41029,"Jackson, OR",219564
41031,"Jefferson, OR",24192
41033,"Josephine, OR",87393
41035,"Klamath, OR",67653
41037,"Lake, OR",7879
41039,"Lane, OR",379611
41041,"Lincoln, OR",49388
41043,"Linn, OR",127335
41045,"Malheur, OR",30725
41047,"Marion, OR",346868
41049,"Morrow, OR",11372
41051,"Multnomah, OR",811880
41053,"Polk, OR",85234
41055,"Sherman, OR",1708
41057,"Tillamook, OR",26787
41059,"Umatilla, OR",77516
41061,"Union, OR",26461
41063,"Wallowa, OR",7081
41065,"Wasco, OR",26505
41067,"Washington, OR",597695
41069,"Wheeler, OR",1366
41071,"Yamhill, OR",107002
42001,"Adams, PA",102811
42003,"Allegheny, PA",1218452
42005,"Armstrong, PA",65263
42007,"Beaver, PA",164742
42009,"Bedford, PA",48176
42011,"Berks, PA",420152
42013,"Blair, PA",122492
42015,"Bradford, PA",60833
42017,"Bucks, PA",628195
42019,"Butler, PA",187888
42021,"Cambria, PA",131730
42023,"Cameron, PA",4492
42025,"Carbon, PA",64227
42027,"Centre, PA",162805
42029,"Chester, PA",522046
42031,"Clarion, PA",38779
42033,"Clearfield, PA",79388
42035,"Clinton, PA",38684
42037,"Columbia, PA",65456
42039,"Crawford, PA",85063
42041,"Cumberland, PA",251423
42043,"Dauphin, PA",277097
42045,"Delaware, PA",564751
42047,"Elk, PA",30169
42049,"Erie, PA",272061
42051,"Fayette, PA",130441
42053,"Forest, PA",7279
42055,"Franklin, PA",154835
42057,"Fulton, PA",14523
42059,"Greene, PA",36506
42061,"Huntingdon, PA",45168
42063,"Indiana, PA",84501
42065,"Jefferson, PA",43641
42067,"Juniata, PA",24704
42069,"Lackawanna, PA",210793
42071,"Lancaster, PA",543557
42073,"Lawrence, PA",86184
42075,"Lebanon, PA",141314
42077,"Lehigh, PA",368100
42079,"Luzerne, PA",317646
42081,"Lycoming, PA",113664
42083,"McKean, PA",40968
42085,"Mercer, PA",110683
42087,"Mifflin, PA",46222
42089,"Monroe, PA",169507
42091,"Montgomery, PA",828604
42093,"Montour, PA",18240
42095,"Northampton, PA",304807
42097,"Northumberland, PA",91083
42099,"Perry, PA",46139
42101,"Philadelphia, PA",1584138
42103,"Pike, PA",55933
42105,"Potter, PA",16622
42107,"Schuylkill, PA",142067
42109,"Snyder, PA",40540
42111,"Somerset, PA",73952
42113,"Sullivan, PA",6071
42115,"Susquehanna, PA",40589
42117,"Tioga, PA",40763
42119,"Union, PA",44785
42121,"Venango, PA",51266
42123,"Warren, PA",39498
42125,"Washington, PA",207346
42127,"Wayne, PA",51276
42129,"Westmoreland, PA",350611
42131,"Wyoming, PA",27046
42133,"York, PA",448273
44001,"Bristol, RI",48649
44003,"Kent, RI",163861
44005,"Newport, RI",82542
44007,"Providence, RI",636084
44009,"Washington, RI",126179
45001,"Abbeville, SC",24541
45003,"Aiken, SC",169401
45005,"Allendale, SC",8903
45007,"Anderson, SC",200482
45009,"Bamberg, SC",14275
45011,"Barnwell, SC",21112
45013,"Beaufort, SC",188715
45015,"Berkeley, SC",221091
45017,"Calhoun, SC",14520
45019,"Charleston, SC",405905
45021,"Cherokee, SC",57078
45023,"Chester, SC",32251
45025,"Chesterfield, SC",45754
45027,"Clarendon, SC",33700
45029,"Colleton, SC",37660
45031,"Darlington, SC",66802
45033,"Dillon, SC",30599
45035,"Dorchester, SC",160647
45037,"Edgefield, SC",27052
45039,"Fairfield, SC",22402
45041,"Florence, SC",138159
45043,"Georgetown, SC",62249
45045,"Greenville, SC",514213
45047,"Greenwood, SC",70741
45049,"Hampton, SC",19351
45051,"Horry, SC",344147
45053,"Jasper, SC",28971
45055,"Kershaw, SC",65592
45057,"Lancaster, SC",95380
45059,"Laurens, SC",66994
45061,"Lee, SC",17142
45063,"Lexington, SC",295032
45065,"McCormick, SC",9410
45067,"Marion, SC",31039
45069,"Marlboro, SC",26398
45071,"Newberry, SC",38520
45073,"Oconee, SC",78374
45075,"Orangeburg, SC",86934
45077,"Pickens, SC",124937
45079,"Richland, SC",414576
45081,"Saluda, SC",20544
45083,"Spartanburg, SC",313888
45085,"Sumter, SC",106512
45087,"Union, SC",27410
45089,"Williamsburg, SC",30606
45091,"York, SC",274118
46003,"Aurora, SD",2801
46005,"Beadle, SD",18883
46007,"Bennett, SD",3468
46009,"Bon Homme, SD",6980
46011,"Brookings, SD",35232
46013,"Brown, SD",39316
46015,"Brule, SD",5229
46017,"Buffalo, SD",2036
46019,"Butte, SD",10222
46021,"Campbell, SD",1377
46023,"Charles Mix, SD",9338
46025,"Clark, SD",3739
46027,"Clay, SD",14041
46029,"Codington, SD",28015
46031,"Corson, SD",4165
46033,"Custer, SD",8726
46035,"Davison, SD",19790
46037,"Day, SD",5505
46039,"Deuel, SD",4337
46041,"Dewey, SD",5904
46043,"Douglas, SD",2935
46045,"Edmunds, SD",3875
46047,"Fall River, SD",6758
46049,"Faulk, SD",2330
46051,"Grant, SD",7147
46053,"Gregory, SD",4212
46055,"Haakon, SD",1918
46057,"Hamlin, SD",6111
46059,"Hand, SD",3262
46061,"Hanson, SD",3376
46063,"Harding, SD",1249
46065,"Hughes, SD",17650
46067,"Hutchinson, SD",7380
46069,"Hyde, SD",1282
46071,"Jackson, SD",3307
46073,"Jerauld, SD",2043
46075,"Jones, SD",928
46077,"Kingsbury, SD",4919
46079,"Lake, SD",13057
46081,"Lawrence, SD",25741
46083,"Lincoln, SD",58807
46085,"Lyman, SD",3821
46087,"McCook, SD",5546
46089,"McPherson, SD",2407
46091,"Marshall, SD",5112
46093,"Meade, SD",28294
46095,"Mellette, SD",2042
46097,"Miner, SD",2213
46099,"Minnehaha, SD",192876
46101,"Moody, SD",6579
46102,"Oglala Lakota, SD*",14309
46103,"Pennington, SD",111729
46105,"Perkins, SD",2922
46107,"Potter, SD",2207
46109,"Roberts, SD",10447
46111,"Sanborn, SD",2429
46115,"Spink, SD",6495
46117,"Stanley, SD",3022
46119,"Sully, SD",1392
46121,"Todd, SD",10283
46123,"Tripp, SD",5478
46125,"Turner, SD",8424
46127,"Union, SD",15619
46129,"Walworth, SD",5587
46135,"Yankton, SD",22869
46137,"Ziebach, SD",2742
47001,"Anderson, TN",76482
47003,"Bedford, TN",49038
47005,"Benton, TN",16184
47007,"Bledsoe, TN",14755
47009,"Blount, TN",131349
47011,"Bradley, TN",106727
47013,"Campbell, TN",39583
47015,"Cannon, TN",14462
47017,"Carroll, TN",28020
47019,"Carter, TN",56351
47021,"Cheatham, TN",40439
47023,"Chester, TN",17276
47025,"Claiborne, TN",31756
47027,"Clay, TN",7717
47029,"Cocke, TN",35774
47031,"Coffee, TN",55700
47033,"Crockett, TN",14328
47035,"Cumberland, TN",59673
47037,"Davidson, TN",692587
47039,"Decatur, TN",11706
47041,"DeKalb, TN",20138
47043,"Dickson, TN",53446
47045,"Dyer, TN",37320
47047,"Fayette, TN",40507
47049,"Fentress, TN",18217
47051,"Franklin, TN",41890
47053,"Gibson, TN",49045
47055,"Giles, TN",29503
47057,"Grainger, TN",23145
47059,"Greene, TN",69087
47061,"Grundy, TN",13346
47063,"Hamblen, TN",64569
47065,"Hamilton, TN",364286
47067,"Hancock, TN",6549
47069,"Hardeman, TN",25220
47071,"Hardin, TN",25776
47073,"Hawkins, TN",56530
47075,"Haywood, TN",17335
47077,"Henderson, TN",27847
47079,"Henry, TN",32358
47081,"Hickman, TN",25063
47083,"Houston, TN",8263
47085,"Humphreys, TN",18486
47087,"Jackson, TN",11758
47089,"Jefferson, TN",54012
47091,"Johnson, TN",17778
47093,"Knox, TN",465289
47095,"Lake, TN",7411
47097,"Lauderdale, TN",25825
47099,"Lawrence, TN",43734
47101,"Lewis, TN",12086
47103,"Lincoln, TN",34117
47105,"Loudon, TN",53054
47107,"McMinn, TN",53285
47109,"McNairy, TN",25832
47111,"Macon, TN",24265
47113,"Madison, TN",97605
47115,"Marion, TN",28575
47117,"Marshall, TN",33683
47119,"Maury, TN",94340
47121,"Meigs, TN",12306
47123,"Monroe, TN",46357
47125,"Montgomery, TN",205950
47127,"Moore, TN",6411
47129,"Morgan, TN",21579
47131,"Obion, TN",30267
47133,"Overton, TN",22068
47135,"Perry, TN",8064
47137,"Pickett, TN",5082
47139,"Polk, TN",16898
47141,"Putnam, TN",78843
47143,"Rhea, TN",33044
47145,"Roane, TN",53140
47147,"Robertson, TN",71012
47149,"Rutherford, TN",324890
47151,"Scott, TN",22039
47153,"Sequatchie, TN",14876
47155,"Sevier, TN",97892
47157,"Shelby, TN",935764
47159,"Smith, TN",19942
47161,"Stewart, TN",13561
47163,"Sullivan, TN",157668
47165,"Sumner, TN",187149
47167,"Tipton, TN",61581
47169,"Trousdale, TN",11012
47171,"Unicoi, TN",17761
47173,"Union, TN",19688
47175,"Van Buren, TN",5765
47177,"Warren, TN",40878
47179,"Washington, TN",128607
47181,"Wayne, TN",16558
47183,"Weakley, TN",33415
47185,"White, TN",27107
47187,"Williamson, TN",231729
47189,"Wilson, TN",140625
48001,"Anderson, TX",58057
48003,"Andrews, TX",18128
48005,"Angelina, TX",87092
48007,"Aransas, TX",23792
48009,"Archer, TX",8786
48011,"Armstrong, TX",1892
48013,"Atascosa, TX",50310
48015,"Austin, TX",29989
48017,"Bailey, TX",7027
48019,"Bandera, TX",22824
48021,"Bastrop, TX",86976
48023,"Baylor, TX",3582
48025,"Bee, TX",32587
48027,"Bell, TX",355642
48029,"Bexar, TX",1986049
48031,"Blanco, TX",11702
48033,"Borden, TX",648
48035,"Bosque, TX",18691
48037,"Bowie, TX",94324
48039,"Brazoria, TX",370200
48041,"Brazos, TX",226758
48043,"Brewster, TX",9267
48045,"Briscoe, TX",1516
48047,"Brooks, TX",7114
48049,"Brown, TX",37924
48051,"Burleson, TX",18389
48053,"Burnet, TX",47542
48055,"Caldwell, TX",43247
48057,"Calhoun, TX",21561
48059,"Callahan, TX",13994
48061,"Cameron, TX",423908
48063,"Camp, TX",13033
48065,"Carson, TX",6005
48067,"Cass, TX",30119
48069,"Castro, TX",7665
48071,"Chambers, TX",42454
48073,"Cherokee, TX",52592
48075,"Childress, TX",7291
48077,"Clay, TX",10456
48079,"Cochran, TX",2836
48081,"Coke, TX",3370
48083,"Coleman, TX",8397
48085,"Collin, TX",1005146
48087,"Collingsworth, TX",2962
48089,"Colorado, TX",21217
48091,"Comal, TX",148373
48093,"Comanche, TX",13534
48095,"Concho, TX",4276
48097,"Cooke, TX",40574
48099,"Coryell, TX",74808
48101,"Cottle, TX",1389
48103,"Crane, TX",4794
48105,"Crockett, TX",3499
48107,"Crosby, TX",5779
48109,"Culberson, TX",2204
48111,"Dallam, TX",7200
48113,"Dallas, TX",2637772
48115,"Dawson, TX",12619
48117,"Deaf Smith, TX",18760
48119,"Delta, TX",5349
48121,"Denton, TX",859064
48123,"DeWitt, TX",20187
48125,"Dickens, TX",2249
48127,"Dimmit, TX",10308
48129,"Donley, TX",3319
48131,"Duval, TX",11212
48133,"Eastland, TX",18322
48135,"Ector, TX",162124
48137,"Edwards, TX",1928
48139,"Ellis, TX",179436
48141,"El Paso, TX",840758
48143,"Erath, TX",42446
48145,"Falls, TX",17335
48147,"Fannin, TX",35286
48149,"Fayette, TX",25349
48151,"Fisher, TX",3839
48153,"Floyd, TX",5837
48155,"Foard, TX",1200
48157,"Fort Bend, TX",787858
48159,"Franklin, TX",10766
48161,"Freestone, TX",19808
48163,"Frio, TX",19816
48165,"Gaines, TX",20901
48167,"Galveston, TX",337890
48169,"Garza, TX",6578
48171,"Gillespie, TX",26804
48173,"Glasscock, TX",1388
48175,"Goliad, TX",7584
48177,"Gonzales, TX",20826
48179,"Gray, TX",21895
48181,"Grayson, TX",133991
48183,"Gregg, TX",123707
48185,"Grimes, TX",28360
48187,"Guadalupe, TX",163694
48189,"Hale, TX",33830
48191,"Hall, TX",3028
48193,"Hamilton, TX",8484
48195,"Hansford, TX",5463
48197,"Hardeman, TX",3922
48199,"Hardin, TX",57207
48201,"Harris, TX",4698619
48203,"Harrison, TX",66726
48205,"Hartley, TX",5619
48207,"Haskell, TX",5813
48209,"Hays, TX",222631
48211,"Hemphill, TX",3825
48213,"Henderson, TX",82299
48215,"Hidalgo, TX",865939
48217,"Hill, TX",36354
48219,"Hockley, TX",22980
48221,"Hood, TX",60537
48223,"Hopkins, TX",36810
48225,"Houston, TX",23169
48227,"Howard, TX",36459
48229,"Hudspeth, TX",4795
48231,"Hunt, TX",96493
48233,"Hutchinson, TX",21198
48235,"Irion, TX",1522
48237,"Jack, TX",8843
48239,"Jackson, TX",14874
48241,"Jasper, TX",35872
48243,"Jeff Davis, TX",2252
48245,"Jefferson, TX",255001
48247,"Jim Hogg, TX",5248
48249,"Jim Wells, TX",40822
48251,"Johnson, TX",171361
48253,"Jones, TX",19817
48255,"Karnes, TX",15650
48257,"Kaufman, TX",128622
48259,"Kendall, TX",45641
48261,"Kenedy, TX",442
48263,"Kent, TX",726
48265,"Kerr, TX",52405
48267,"Kimble, TX",4362
48269,"King, TX",277
48271,"Kinney, TX",3767
48273,"Kleberg, TX",31129
48275,"Knox, TX",3653
48277,"Lamar, TX",49728
48279,"Lamb, TX",13158
48281,"Lampasas, TX",21229
48283,"La Salle, TX",7531
48285,"Lavaca, TX",20110
48287,"Lee, TX",17144
48289,"Leon, TX",17270
48291,"Liberty, TX",86323
48293,"Limestone, TX",23519
48295,"Lipscomb, TX",3355
48297,"Live Oak, TX",12166
48299,"Llano, TX",21646
48301,"Loving, TX",152
48303,"Lubbock, TX",307412
48305,"Lynn, TX",5877
48307,"McCulloch, TX",7987
48309,"McLennan, TX",254607
48311,"McMullen, TX",749
48313,"Madison, TX",14422
48315,"Marion, TX",9928
48317,"Martin, TX",5753
48319,"Mason, TX",4280
48321,"Matagorda, TX",36552
48323,"Maverick, TX",58485
48325,"Medina, TX",50921
48327,"Menard, TX",2139
48329,"Midland, TX",172578
48331,"Milam, TX",25131
48333,"Mills, TX",4921
48335,"Mitchell, TX",8145
48337,"Montague, TX",19596
48339,"Montgomery, TX",590925
48341,"Moore, TX",21485
48343,"Morris, TX",12339
48345,"Motley, TX",1234
48347,"Nacogdoches, TX",65711
48349,"Navarro, TX",49565
48351,"Newton, TX",13746
48353,"Nolan, TX",14751
48355,"Nueces, TX",362265
48357,"Ochiltree, TX",9947
48359,"Oldham, TX",2131
48361,"Orange, TX",83572
48363,"Palo Pinto, TX",28875
48365,"Panola, TX",23148
48367,"Parker, TX",138371
48369,"Parmer, TX",9864
48371,"Pecos, TX",15673
48373,"Polk, TX",50031
48375,"Potter, TX",119648
48377,"Presidio, TX",6948
48379,"Rains, TX",12159
48381,"Randall, TX",136271
48383,"Reagan, TX",3741
48385,"Real, TX",3478
48387,"Red River, TX",12175
48389,"Reeves, TX",15695
48391,"Refugio, TX",7032
48393,"Roberts, TX",903
48395,"Robertson, TX",17284
48397,"Rockwall, TX",100657
48399,"Runnels, TX",10234
48401,"Rusk, TX",54450
48403,"Sabine, TX",10589
48405,"San Augustine, TX",8232
48407,"San Jacinto, TX",28719
48409,"San Patricio, TX",66893
48411,"San Saba, TX",6054
48413,"Schleicher, TX",2895
48415,"Scurry, TX",16866
48417,"Shackelford, TX",3253
48419,"Shelby, TX",25418
48421,"Sherman, TX",3079
48423,"Smith, TX",230221
48425,"Somervell, TX",9016
48427,"Starr, TX",64525
48429,"Stephens, TX",9433
48431,"Sterling, TX",1311
48433,"Stonewall, TX",1362
48435,"Sutton, TX",3758
48437,"Swisher, TX",7462
48439,"Tarrant, TX",2084931
48441,"Taylor, TX",137640
48443,"Terrell, TX",823
48445,"Terry, TX",12287
48447,"Throckmorton, TX",1515
48449,"Titus, TX",33033
48451,"Tom Green, TX",118189
48453,"Travis, TX",1248743
48455,"Trinity, TX",14740
48457,"Tyler, TX",21696
48459,"Upshur, TX",41260
48461,"Upton, TX",3671
48463,"Uvalde, TX",26846
48465,"Val Verde, TX",49208
48467,"Van Zandt, TX",56019
48469,"Victoria, TX",92035
48471,"Walker, TX",72480
48473,"Waller, TX",53126
48475,"Ward, TX",11720
48477,"Washington, TX",35108
48479,"Webb, TX",275910
48481,"Wharton, TX",41619
48483,"Wheeler, TX",5191
48485,"Wichita, TX",132064
48487,"Wilbarger, TX",12820
48489,"Willacy, TX",21515
48491,"Williamson, TX",566719
48493,"Wilson, TX",50224
48495,"Winkler, TX",7720
48497,"Wise, TX",68305
48499,"Wood, TX",45129
48501,"Yoakum, TX",8591
48503,"Young, TX",18045
48505,"Zapata, TX",14190
48507,"Zavala, TX",11983
49001,"Beaver, UT",6580
49003,"Box Elder, UT",54950
49005,"Cache, UT",127068
49007,"Carbon, UT",20269
49009,"Daggett, UT",980
49011,"Davis, UT",351713
49013,"Duchesne, UT",19964
49015,"Emery, UT",10014
49017,"Garfield, UT",5080
49019,"Grand, UT",9764
49021,"Iron, UT",52775
49023,"Juab, UT",11555
49025,"Kane, UT",7709
49027,"Millard, UT",13006
49029,"Morgan, UT",12045
49031,"Piute, UT",1445
49033,"Rich, UT",2464
49035,"Salt Lake, UT",1152633
49037,"San Juan, UT",15449
49039,"Sanpete, UT",30623
49041,"Sevier, UT",21539
49043,"Summit, UT",41933
49045,"Tooele, UT",69907
49047,"Uintah, UT",35438
49049,"Utah, UT",622213
49051,"Wasatch, UT",33240
49053,"Washington, UT",171700
49055,"Wayne, UT",2690
49057,"Weber, UT",256359
50001,"Addison, VT",36973
50003,"Bennington, VT",35631
50005,"Caledonia, VT",30302
50007,"Chittenden, VT",164572
50009,"Essex, VT",6250
50011,"Franklin, VT",49421
50013,"Grand Isle, VT",7090
50015,"Lamoille, VT",25300
50017,"Orange, VT",28999
50019,"Orleans, VT",26907
50021,"Rutland, VT",58672
50023,"Washington, VT",58140
50025,"Windham, VT",42756
50027,"Windsor, VT",55286
51001,"Accomack, VA",32412
51007,"Amelia, VA",13013
51009,"Amherst, VA",31666
51011,"Appomattox, VA",15841
51013,"Arlington, VA",237521
51017,"Bath, VA",4292
51019,"Bedford, VA*",78747
51021,"Bland, VA",6293
51023,"Botetourt, VA",33277
51025,"Brunswick, VA",16384
51027,"Buchanan, VA",21221
51029,"Buckingham, VA",16999
51033,"Caroline, VA",30772
51036,"Charles City, VA",6941
51037,"Charlotte, VA",11938
51041,"Chesterfield, VA",348556
51043,"Clarke, VA",14523
51045,"Craig, VA",5064
51047,"Culpeper, VA",51859
51049,"Cumberland, VA",9809
51051,"Dickenson, VA",14523
51057,"Essex, VA",10919
51061,"Fauquier, VA",70675
51063,"Floyd, VA",15795
51065,"Fluvanna, VA",26783
51067,"Franklin, VA",56195
51071,"Giles, VA",16844
51073,"Gloucester, VA",37349
51075,"Goochland, VA",23244
51077,"Grayson, VA",15631
51079,"Greene, VA",19779
51083,"Halifax, VA",34120
51085,"Hanover, VA",107239
51087,"Henrico, VA",329261
51091,"Highland, VA",2210
51093,"Isle of Wight, VA",36953
51097,"King and Queen, VA",7042
51099,"King George, VA",26575
51101,"King William, VA",16939
51103,"Lancaster, VA",10783
51105,"Lee, VA",23541
51107,"Loudoun, VA",406850
51109,"Louisa, VA",36778
51111,"Lunenburg, VA",12086
51113,"Madison, VA",13295
51115,"Mathews, VA",8802
51117,"Mecklenburg, VA",30650
51119,"Middlesex, VA",10769
51125,"Nelson, VA",14836
51127,"New Kent, VA",22391
51131,"Northampton, VA",11735
51133,"Northumberland, VA",12147
51135,"Nottoway, VA",15420
51137,"Orange, VA",36644
51139,"Page, VA",23933
51141,"Patrick, VA",17673
51145,"Powhatan, VA",29189
51147,"Prince Edward, VA",22950
51155,"Pulaski, VA",34066
51157,"Rappahannock, VA",7252
51159,"Richmond, VA",9038
51167,"Russell, VA",26748
51169,"Scott, VA",21534
51171,"Shenandoah, VA",43497
51173,"Smyth, VA",30472
51179,"Stafford, VA",149960
51181,"Surry, VA",6474
51183,"Sussex, VA",11237
51185,"Tazewell, VA",40855
51187,"Warren, VA",40003
51193,"Westmoreland, VA",17830
51197,"Wythe, VA",28754
51510,"Alexandria (Independent City), VA",160530
51550,"Chesapeake (Independent City), VA",242634
51650,"Hampton (Independent City), VA",134313
51700,"Newport News (Independent City), VA",178626
51710,"Norfolk (Independent City), VA",244076
51740,"Portsmouth (Independent City), VA",94632
51760,"Richmond (Independent City), VA",228783
51770,"Roanoke (Independent City), VA",99920
51800,"Suffolk (Independent City), VA",91185
51810,"Virginia Beach (Independent City), VA",450189
51901,"Albemarle + Charlottesville, VA*",156835
51903,"Alleghany + Covington, VA*",20370
51907,"Augusta, Staunton + Waynesboro, VA*",123007
51911,"Campbell + Lynchburg, VA*",137099
51913,"Carroll + Galax, VA*",36059
51918,"Dinwiddie, Colonial Heights + Petersburg, VA*",77929
51919,"Fairfax, Fairfax City + Falls Church, VA*",1190141
51921,"Frederick + Winchester, VA*",116463
51923,"Greensville + Emporia, VA*",16748
51929,"Henry + Martinsville, VA*",63855
51931,"James City + Williamsburg, VA*",91293
51933,"Montgomery + Radford, VA*",117324
51939,"Pittsylvania + Danville, VA*",101642
51941,"Prince George + Hopewell, VA*",60678
51942,"Prince William, Manassas + Manassas Park, VA*",526959
51944,"Roanoke + Salem, VA*",119716
51945,"Rockbridge, Buena Vista + Lexington, VA*",36125
51947,"Rockingham + Harrisonburg, VA*",135277
51949,"Southampton + Franklin, VA*",25599
51951,"Spotsylvania + Fredericksburg, VA*",163382
51953,"Washington + Bristol, VA*",70884
51955,"Wise + Norton, VA*",41980
51958,"York + Poquoson, VA*",80036
53001,"Adams, WA",19759
53003,"Asotin, WA",22610
53005,"Benton, WA",201877
53007,"Chelan, WA",77036
53009,"Clallam, WA",76737
53011,"Clark, WA",481857
53013,"Columbia, WA",4059
53015,"Cowlitz, WA",108987
53017,"Douglas, WA",42907
53019,"Ferry, WA",7649
53021,"Franklin, WA",94347
53023,"Garfield, WA",2247
53025,"Grant, WA",97331
53027,"Grays Harbor, WA",73901
53029,"Island, WA",84460
53031,"Jefferson, WA",31729
53033,"King, WA",2233163
53035,"Kitsap, WA",269805
53037,"Kittitas, WA",47364
53039,"Klickitat, WA",22107
53041,"Lewis, WA",79604
53043,"Lincoln, WA",10740
53045,"Mason, WA",65507
53047,"Okanogan, WA",42132
53049,"Pacific, WA",22036
53051,"Pend Oreille, WA",13602
53053,"Pierce, WA",891299
53055,"San Juan, WA",17128
53057,"Skagit, WA",128206
53059,"Skamania, WA",11924
53061,"Snohomish, WA",814901
53063,"Spokane, WA",514631
53065,"Stevens, WA",45260
53067,"Thurston, WA",286419
53069,"Wahkiakum, WA",4426
53071,"Walla Walla, WA",60922
53073,"Whatcom, WA",225685
53075,"Whitman, WA",49791
53077,"Yakima, WA",251446
54001,"Barbour, WV",16535
54003,"Berkeley, WV",117123
54005,"Boone, WV",21951
54007,"Braxton, WV",14089
54009,"Brooke, WV",22203
54011,"Cabell, WV",93224
54013,"Calhoun, WV",7254
54015,"Clay, WV",8632
54017,"Doddridge, WV",8406
54019,"Fayette, WV",43018
54021,"Gilmer, WV",8026
54023,"Grant, WV",11626
54025,"Greenbrier, WV",34786
54027,"Hampshire, WV",23347
54029,"Hancock, WV",29094
54031,"Hardy, WV",13775
54033,"Harrison, WV",67554
54035,"Jackson, WV",28706
54037,"Jefferson, WV",56811
54039,"Kanawha, WV",180454
54041,"Lewis, WV",16024
54043,"Lincoln, WV",20599
54045,"Logan, WV",32607
54047,"McDowell, WV",18223
54049,"Marion, WV",56097
54051,"Marshall, WV",30785
54053,"Mason, WV",26718
54055,"Mercer, WV",59131
54057,"Mineral, WV",26940
54059,"Mingo, WV",23785
54061,"Monongalia, WV",106420
54063,"Monroe, WV",13280
54065,"Morgan, WV",17787
54067,"Nicholas, WV",24842
54069,"Ohio, WV",41755
54071,"Pendleton, WV",6997
54073,"Pleasants, WV",7507
54075,"Pocahontas, WV",8414
54077,"Preston, WV",33839
54079,"Putnam, WV",56682
54081,"Raleigh, WV",74254
54083,"Randolph, WV",28823
54085,"Ritchie, WV",9721
54087,"Roane, WV",13932
54089,"Summers, WV",12760
54091,"Taylor, WV",16862
54093,"Tucker, WV",6955
54095,"Tyler, WV",8746
54097,"Upshur, WV",24415
54099,"Wayne, WV",39944
54101,"Webster, WV",8285
54103,"Wetzel, WV",15270
54105,"Wirt, WV",5830
54107,"Wood, WV",84203
54109,"Wyoming, WV",20786
55001,"Adams, WI",20348
55003,"Ashland, WI",15600
55005,"Barron, WI",45164
55007,"Bayfield, WI",15042
55009,"Brown, WI",263378
55011,"Buffalo, WI",13125
55013,"Burnett, WI",15392
55015,"Calumet, WI",50159
55017,"Chippewa, WI",64135
55019,"Clark, WI",34709
55021,"Columbia, WI",57358
55023,"Crawford, WI",16291
55025,"Dane, WI",542364
55027,"Dodge, WI",87847
55029,"Door, WI",27610
55031,"Douglas, WI",43208
55033,"Dunn, WI",45131
55035,"Eau Claire, WI",104534
55037,"Florence, WI",4321
55039,"Fond du Lac, WI",103066
55041,"Forest, WI",8991
55043,"Grant, WI",51554
55045,"Green, WI",36929
55047,"Green Lake, WI",18918
55049,"Iowa, WI",23771
55051,"Iron, WI",5676
55053,"Jackson, WI",20478
55055,"Jefferson, WI",85129
55057,"Juneau, WI",26617
55059,"Kenosha, WI",169290
55061,"Kewaunee, WI",20383
55063,"La Crosse, WI",118230
55065,"Lafayette, WI",16665
55067,"Langlade, WI",19268
55069,"Lincoln, WI",27689
55071,"Manitowoc, WI",79074
55073,"Marathon, WI",135428
55075,"Marinette, WI",40434
55077,"Marquette, WI",15434
55078,"Menominee, WI*",4658
55079,"Milwaukee, WI",948201
55081,"Monroe, WI",46051
55083,"Oconto, WI",37830
55085,"Oneida, WI",35470
55087,"Outagamie, WI",187365
55089,"Ozaukee, WI",89147
55091,"Pepin, WI",7289
55093,"Pierce, WI",42555
55095,"Polk, WI",43598
55097,"Portage, WI",70942
55099,"Price, WI",13397
55101,"Racine, WI",196584
55103,"Richland, WI",17377
55105,"Rock, WI",163129
55107,"Rusk, WI",14147
55109,"St. Croix, WI",89694
55111,"Sauk, WI",64249
55113,"Sawyer, WI",16489
55115,"Shawano, WI*",40796
55117,"Sheboygan, WI",115456
55119,"Taylor, WI",20412
55121,"Trempealeau, WI",29442
55123,"Vernon, WI",30785
55125,"Vilas, WI",21938
55127,"Walworth, WI",103718
55129,"Washburn, WI",15878
55131,"Washington, WI",135693
55133,"Waukesha, WI",403072
55135,"Waupaca, WI",51128
55137,"Waushara, WI",24263
55139,"Winnebago, WI",171020
55141,"Wood, WI",73055
55901,"Shawano (includes Menominee), WI*",
56001,"Albany, WY",38601
56003,"Big Horn, WY",11881
56005,"Campbell, WY",46140
56007,"Carbon, WY",14971
56009,"Converse, WY",13640
56011,"Crook, WY",7450
56013,"Fremont, WY",39531
56015,"Goshen, WY",13376
56017,"Hot Springs, WY",4555
56019,"Johnson, WY",8460
56021,"Laramie, WY",98976
56023,"Lincoln, WY",19434
56025,"Natrona, WY",79115
56027,"Niobrara, WY",2388
56029,"Park, WY",29324
56031,"Platte, WY",8566
56033,"Sheridan, WY",30233
56035,"Sublette, WY",9813
56037,"Sweetwater, WY",43051
56039,"Teton, WY",23081
56041,"Uinta, WY",20299
56043,"Washakie, WY",7885
56045,"Weston, WY",6967